Year,Task,Next.Year,Next.Task,label1,label2,label
1938,201,1949,201,201 (Yr 1938),201 (Yr 1949),201 (Yr 1938)
1938,202,1949,202,202 (Yr 1938),202 (Yr 1949),202 (Yr 1938)
1938,203,1949,203,203 (Yr 1938),203 (Yr 1949),203 (Yr 1938)
1938,204,1949,204,204 (Yr 1938),204 (Yr 1949),204 (Yr 1938)
1938,205,1949,205,205 (Yr 1938),205 (Yr 1949),205 (Yr 1938)
1938,206,1949,206,206 (Yr 1938),206 (Yr 1949),206 (Yr 1938)
1938,207,1949,NA,207 (Yr 1938),NA,207 (Yr 1938)
1938,208,1949,208,208 (Yr 1938),208 (Yr 1949),208 (Yr 1938)
1938,209,1949,209,209 (Yr 1938),209 (Yr 1949),209 (Yr 1938)
1938,210,1949,210,210 (Yr 1938),210 (Yr 1949),210 (Yr 1938)
1938,211,1949,211,211 (Yr 1938),211 (Yr 1949),211 (Yr 1938)
1938,212,1949,212,212 (Yr 1938),212 (Yr 1949),212 (Yr 1938)
1938,213,1949,213,213 (Yr 1938),213 (Yr 1949),213 (Yr 1938)
1938,214,1949,214,214 (Yr 1938),214 (Yr 1949),214 (Yr 1938)
1938,215,1949,215,215 (Yr 1938),215 (Yr 1949),215 (Yr 1938)
1938,216,1949,216,216 (Yr 1938),216 (Yr 1949),216 (Yr 1938)
1938,217,1949,217,217 (Yr 1938),217 (Yr 1949),217 (Yr 1938)
1938,218,1949,218,218 (Yr 1938),218 (Yr 1949),218 (Yr 1938)
1938,219,1949,219,219 (Yr 1938),219 (Yr 1949),219 (Yr 1938)
1938,220,1949,220,220 (Yr 1938),220 (Yr 1949),220 (Yr 1938)
1938,221,1949,221,221 (Yr 1938),221 (Yr 1949),221 (Yr 1938)
1949,201,1959,201,201 (Yr 1949),201 (Yr 1959),201 (Yr 1938)
1949,202,1959,202,202 (Yr 1949),202 (Yr 1959),202 (Yr 1938)
1949,203,1959,203,203 (Yr 1949),203 (Yr 1959),203 (Yr 1938)
1949,204,1959,204,204 (Yr 1949),204 (Yr 1959),204 (Yr 1938)
1949,205,1959,205,205 (Yr 1949),205 (Yr 1959),205 (Yr 1938)
1949,206,1959,206,206 (Yr 1949),206 (Yr 1959),206 (Yr 1938)
1949,207,1959,207,207 (Yr 1949),207 (Yr 1959),207 (Yr 1949)
1949,208,1959,208,208 (Yr 1949),208 (Yr 1959),208 (Yr 1938)
1949,209,1959,209,209 (Yr 1949),209 (Yr 1959),209 (Yr 1938)
1949,210,1959,210,210 (Yr 1949),210 (Yr 1959),210 (Yr 1938)
1949,211,1959,211,211 (Yr 1949),211 (Yr 1959),211 (Yr 1938)
1949,212,1959,212,212 (Yr 1949),212 (Yr 1959),212 (Yr 1938)
1949,213,1959,213,213 (Yr 1949),213 (Yr 1959),213 (Yr 1938)
1949,214,1959,214,214 (Yr 1949),214 (Yr 1959),214 (Yr 1938)
1949,215,1959,215,215 (Yr 1949),215 (Yr 1959),215 (Yr 1938)
1949,216,1959,216,216 (Yr 1949),216 (Yr 1959),216 (Yr 1938)
1949,217,1959,217,217 (Yr 1949),217 (Yr 1959),217 (Yr 1938)
1949,218,1959,218,218 (Yr 1949),218 (Yr 1959),218 (Yr 1938)
1949,219,1959,219,219 (Yr 1949),219 (Yr 1959),219 (Yr 1938)
1949,220,1959,220,220 (Yr 1949),220 (Yr 1959),220 (Yr 1938)
1949,221,1959,221,221 (Yr 1949),221 (Yr 1959),221 (Yr 1938)
1949,222,1959,NA,222 (Yr 1949),NA,222 (Yr 1949)
1949,223,1959,NA,223 (Yr 1949),NA,223 (Yr 1949)
1949,224,1959,224,224 (Yr 1949),224 (Yr 1959),224 (Yr 1949)
1949,261,1959,261,261 (Yr 1949),261 (Yr 1959),261 (Yr 1949)
1949,262,1959,262,262 (Yr 1949),262 (Yr 1959),262 (Yr 1949)
1949,263,1959,263,263 (Yr 1949),263 (Yr 1959),263 (Yr 1949)
1949,271,1959,271,271 (Yr 1949),271 (Yr 1959),271 (Yr 1949)
1949,272,1959,272,272 (Yr 1949),272 (Yr 1959),272 (Yr 1949)
1949,281,1959,281,281 (Yr 1949),281 (Yr 1959),281 (Yr 1949)
1959,201,1963,201,201 (Yr 1959),201 (Yr 1963),201 (Yr 1938)
1959,202,1963,202,202 (Yr 1959),202 (Yr 1963),202 (Yr 1938)
1959,203,1963,203,203 (Yr 1959),203 (Yr 1963),203 (Yr 1938)
1959,204,1963,204,204 (Yr 1959),204 (Yr 1963),204 (Yr 1938)
1959,205,1963,205,205 (Yr 1959),205 (Yr 1963),205 (Yr 1938)
1959,206,1963,NA,206 (Yr 1959),NA,206 (Yr 1938)
1959,207,1963,207,207 (Yr 1959),207 (Yr 1963),207 (Yr 1949)
1959,208,1963,208,208 (Yr 1959),208 (Yr 1963),208 (Yr 1938)
1959,209,1963,209,209 (Yr 1959),209 (Yr 1963),209 (Yr 1938)
1959,210,1963,210,210 (Yr 1959),210 (Yr 1963),210 (Yr 1938)
1959,211,1963,211,211 (Yr 1959),211 (Yr 1963),211 (Yr 1938)
1959,212,1963,212,212 (Yr 1959),212 (Yr 1963),212 (Yr 1938)
1959,213,1963,213,213 (Yr 1959),213 (Yr 1963),213 (Yr 1938)
1959,214,1963,214,214 (Yr 1959),214 (Yr 1963),214 (Yr 1938)
1959,215,1963,215,215 (Yr 1959),215 (Yr 1963),215 (Yr 1938)
1959,216,1963,216,216 (Yr 1959),216 (Yr 1963),216 (Yr 1938)
1959,217,1963,217,217 (Yr 1959),217 (Yr 1963),217 (Yr 1938)
1959,218,1963,218,218 (Yr 1959),218 (Yr 1963),218 (Yr 1938)
1959,219,1963,NA,219 (Yr 1959),NA,219 (Yr 1938)
1959,220,1963,220,220 (Yr 1959),220 (Yr 1963),220 (Yr 1938)
1959,221,1963,221,221 (Yr 1959),221 (Yr 1963),221 (Yr 1938)
1959,222,1963,222,222 (Yr 1959),222 (Yr 1963),222 (Yr 1959)
1959,224,1963,224,224 (Yr 1959),224 (Yr 1963),224 (Yr 1949)
1959,261,1963,261,261 (Yr 1959),261 (Yr 1963),261 (Yr 1949)
1959,262,1963,262,262 (Yr 1959),262 (Yr 1963),262 (Yr 1949)
1959,263,1963,263,263 (Yr 1959),263 (Yr 1963),263 (Yr 1949)
1959,270,1963,270,270 (Yr 1959),270 (Yr 1963),270 (Yr 1959)
1959,271,1963,271,271 (Yr 1959),271 (Yr 1963),271 (Yr 1949)
1959,272,1963,272,272 (Yr 1959),272 (Yr 1963),272 (Yr 1949)
1959,281,1963,281,281 (Yr 1959),281 (Yr 1963),281 (Yr 1949)
1963,201,1967,201,201 (Yr 1963),201 (Yr 1967),201 (Yr 1938)
1963,202,1967,202,202 (Yr 1963),202 (Yr 1967),202 (Yr 1938)
1963,203,1967,203,203 (Yr 1963),203 (Yr 1967),203 (Yr 1938)
1963,204,1967,204,204 (Yr 1963),204 (Yr 1967),204 (Yr 1938)
1963,205,1967,205,205 (Yr 1963),205 (Yr 1967),205 (Yr 1938)
1963,207,1967,207,207 (Yr 1963),207 (Yr 1967),207 (Yr 1949)
1963,208,1967,208,208 (Yr 1963),208 (Yr 1967),208 (Yr 1938)
1963,209,1967,209,209 (Yr 1963),209 (Yr 1967),209 (Yr 1938)
1963,210,1967,210,210 (Yr 1963),210 (Yr 1967),210 (Yr 1938)
1963,211,1967,211,211 (Yr 1963),211 (Yr 1967),211 (Yr 1938)
1963,212,1967,212,212 (Yr 1963),212 (Yr 1967),212 (Yr 1938)
1963,213,1967,213,213 (Yr 1963),213 (Yr 1967),213 (Yr 1938)
1963,214,1967,214,214 (Yr 1963),214 (Yr 1967),214 (Yr 1938)
1963,215,1967,215,215 (Yr 1963),215 (Yr 1967),215 (Yr 1938)
1963,216,1967,NA,216 (Yr 1963),NA,216 (Yr 1938)
1963,217,1967,217,217 (Yr 1963),217 (Yr 1967),217 (Yr 1938)
1963,218,1967,218,218 (Yr 1963),218 (Yr 1967),218 (Yr 1938)
1963,220,1967,220,220 (Yr 1963),220 (Yr 1967),220 (Yr 1938)
1963,221,1967,221,221 (Yr 1963),221 (Yr 1967),221 (Yr 1938)
1963,222,1967,222,222 (Yr 1963),222 (Yr 1967),222 (Yr 1959)
1963,224,1967,224,224 (Yr 1963),224 (Yr 1967),224 (Yr 1949)
1963,261,1967,261,261 (Yr 1963),261 (Yr 1967),261 (Yr 1949)
1963,262,1967,262,262 (Yr 1963),262 (Yr 1967),262 (Yr 1949)
1963,263,1967,263,263 (Yr 1963),263 (Yr 1967),263 (Yr 1949)
1963,270,1967,270,270 (Yr 1963),270 (Yr 1967),270 (Yr 1959)
1963,271,1967,271,271 (Yr 1963),271 (Yr 1967),271 (Yr 1949)
1963,272,1967,272,272 (Yr 1963),272 (Yr 1967),272 (Yr 1949)
1963,281,1967,281,281 (Yr 1963),281 (Yr 1967),281 (Yr 1949)
1967,201,1968,201,201 (Yr 1967),201 (Yr 1968),201 (Yr 1938)
1967,202,1968,202,202 (Yr 1967),202 (Yr 1968),202 (Yr 1938)
1967,203,1968,203,203 (Yr 1967),203 (Yr 1968),203 (Yr 1938)
1967,204,1968,204,204 (Yr 1967),204 (Yr 1968),204 (Yr 1938)
1967,205,1968,205,205 (Yr 1967),205 (Yr 1968),205 (Yr 1938)
1967,206,1968,206,206 (Yr 1967),206 (Yr 1968),206 (Yr 1967)
1967,207,1968,NA,207 (Yr 1967),NA,207 (Yr 1949)
1967,208,1968,208,208 (Yr 1967),208 (Yr 1968),208 (Yr 1938)
1967,209,1968,209,209 (Yr 1967),209 (Yr 1968),209 (Yr 1938)
1967,210,1968,210,210 (Yr 1967),210 (Yr 1968),210 (Yr 1938)
1967,211,1968,211,211 (Yr 1967),211 (Yr 1968),211 (Yr 1938)
1967,212,1968,212,212 (Yr 1967),212 (Yr 1968),212 (Yr 1938)
1967,213,1968,213,213 (Yr 1967),213 (Yr 1968),213 (Yr 1938)
1967,214,1968,214,214 (Yr 1967),214 (Yr 1968),214 (Yr 1938)
1967,215,1968,215,215 (Yr 1967),215 (Yr 1968),215 (Yr 1938)
1967,217,1968,217,217 (Yr 1967),217 (Yr 1968),217 (Yr 1938)
1967,218,1968,218,218 (Yr 1967),218 (Yr 1968),218 (Yr 1938)
1967,219,1968,219,219 (Yr 1967),219 (Yr 1968),219 (Yr 1967)
1967,220,1968,220,220 (Yr 1967),220 (Yr 1968),220 (Yr 1938)
1967,221,1968,221,221 (Yr 1967),221 (Yr 1968),221 (Yr 1938)
1967,222,1968,222,222 (Yr 1967),222 (Yr 1968),222 (Yr 1959)
1967,224,1968,224,224 (Yr 1967),224 (Yr 1968),224 (Yr 1949)
1967,261,1968,261,261 (Yr 1967),261 (Yr 1968),261 (Yr 1949)
1967,262,1968,262,262 (Yr 1967),262 (Yr 1968),262 (Yr 1949)
1967,263,1968,263,263 (Yr 1967),263 (Yr 1968),263 (Yr 1949)
1967,264,1968,264,264 (Yr 1967),264 (Yr 1968),264 (Yr 1967)
1967,270,1968,270,270 (Yr 1967),270 (Yr 1968),270 (Yr 1959)
1967,271,1968,271,271 (Yr 1967),271 (Yr 1968),271 (Yr 1949)
1967,272,1968,272,272 (Yr 1967),272 (Yr 1968),272 (Yr 1949)
1967,281,1968,281,281 (Yr 1967),281 (Yr 1968),281 (Yr 1949)
1968,201,1969,201,201 (Yr 1968),201 (Yr 1969),201 (Yr 1938)
1968,202,1969,202,202 (Yr 1968),202 (Yr 1969),202 (Yr 1938)
1968,203,1969,203,203 (Yr 1968),203 (Yr 1969),203 (Yr 1938)
1968,204,1969,204,204 (Yr 1968),204 (Yr 1969),204 (Yr 1938)
1968,205,1969,205,205 (Yr 1968),205 (Yr 1969),205 (Yr 1938)
1968,206,1969,206,206 (Yr 1968),206 (Yr 1969),206 (Yr 1967)
1968,208,1969,208,208 (Yr 1968),208 (Yr 1969),208 (Yr 1938)
1968,209,1969,209,209 (Yr 1968),209 (Yr 1969),209 (Yr 1938)
1968,210,1969,210,210 (Yr 1968),210 (Yr 1969),210 (Yr 1938)
1968,211,1969,211,211 (Yr 1968),211 (Yr 1969),211 (Yr 1938)
1968,212,1969,212,212 (Yr 1968),212 (Yr 1969),212 (Yr 1938)
1968,213,1969,213,213 (Yr 1968),213 (Yr 1969),213 (Yr 1938)
1968,214,1969,214,214 (Yr 1968),214 (Yr 1969),214 (Yr 1938)
1968,215,1969,215,215 (Yr 1968),215 (Yr 1969),215 (Yr 1938)
1968,217,1969,217,217 (Yr 1968),217 (Yr 1969),217 (Yr 1938)
1968,218,1969,218,218 (Yr 1968),218 (Yr 1969),218 (Yr 1938)
1968,219,1969,219,219 (Yr 1968),219 (Yr 1969),219 (Yr 1967)
1968,220,1969,220,220 (Yr 1968),220 (Yr 1969),220 (Yr 1938)
1968,221,1969,221,221 (Yr 1968),221 (Yr 1969),221 (Yr 1938)
1968,222,1969,222,222 (Yr 1968),222 (Yr 1969),222 (Yr 1959)
1968,224,1969,224,224 (Yr 1968),224 (Yr 1969),224 (Yr 1949)
1968,261,1969,261,261 (Yr 1968),261 (Yr 1969),261 (Yr 1949)
1968,262,1969,262,262 (Yr 1968),262 (Yr 1969),262 (Yr 1949)
1968,263,1969,263,263 (Yr 1968),263 (Yr 1969),263 (Yr 1949)
1968,264,1969,264,264 (Yr 1968),264 (Yr 1969),264 (Yr 1967)
1968,265,1969,265,265 (Yr 1968),265 (Yr 1969),265 (Yr 1968)
1968,270,1969,270,270 (Yr 1968),270 (Yr 1969),270 (Yr 1959)
1968,271,1969,271,271 (Yr 1968),271 (Yr 1969),271 (Yr 1949)
1968,272,1969,272,272 (Yr 1968),272 (Yr 1969),272 (Yr 1949)
1968,281,1969,281,281 (Yr 1968),281 (Yr 1969),281 (Yr 1949)
1969,201,1970,201,201 (Yr 1969),201 (Yr 1970),201 (Yr 1938)
1969,202,1970,202,202 (Yr 1969),202 (Yr 1970),202 (Yr 1938)
1969,203,1970,203,203 (Yr 1969),203 (Yr 1970),203 (Yr 1938)
1969,204,1970,204,204 (Yr 1969),204 (Yr 1970),204 (Yr 1938)
1969,205,1970,205,205 (Yr 1969),205 (Yr 1970),205 (Yr 1938)
1969,206,1970,206,206 (Yr 1969),206 (Yr 1970),206 (Yr 1967)
1969,207,1970,207,207 (Yr 1969),207 (Yr 1970),207 (Yr 1969)
1969,208,1970,208,208 (Yr 1969),208 (Yr 1970),208 (Yr 1938)
1969,209,1970,209,209 (Yr 1969),209 (Yr 1970),209 (Yr 1938)
1969,210,1970,210,210 (Yr 1969),210 (Yr 1970),210 (Yr 1938)
1969,211,1970,211,211 (Yr 1969),211 (Yr 1970),211 (Yr 1938)
1969,212,1970,212,212 (Yr 1969),212 (Yr 1970),212 (Yr 1938)
1969,213,1970,213,213 (Yr 1969),213 (Yr 1970),213 (Yr 1938)
1969,214,1970,214,214 (Yr 1969),214 (Yr 1970),214 (Yr 1938)
1969,215,1970,215,215 (Yr 1969),215 (Yr 1970),215 (Yr 1938)
1969,217,1970,217,217 (Yr 1969),217 (Yr 1970),217 (Yr 1938)
1969,218,1970,218,218 (Yr 1969),218 (Yr 1970),218 (Yr 1938)
1969,219,1970,219,219 (Yr 1969),219 (Yr 1970),219 (Yr 1967)
1969,220,1970,220,220 (Yr 1969),220 (Yr 1970),220 (Yr 1938)
1969,221,1970,221,221 (Yr 1969),221 (Yr 1970),221 (Yr 1938)
1969,222,1970,222,222 (Yr 1969),222 (Yr 1970),222 (Yr 1959)
1969,224,1970,224,224 (Yr 1969),224 (Yr 1970),224 (Yr 1949)
1969,250,1970,250,250 (Yr 1969),250 (Yr 1970),250 (Yr 1969)
1969,261,1970,261,261 (Yr 1969),261 (Yr 1970),261 (Yr 1949)
1969,262,1970,262,262 (Yr 1969),262 (Yr 1970),262 (Yr 1949)
1969,263,1970,263,263 (Yr 1969),263 (Yr 1970),263 (Yr 1949)
1969,264,1970,264,264 (Yr 1969),264 (Yr 1970),264 (Yr 1967)
1969,265,1970,265,265 (Yr 1969),265 (Yr 1970),265 (Yr 1968)
1969,270,1970,270,270 (Yr 1969),270 (Yr 1970),270 (Yr 1959)
1969,271,1970,271,271 (Yr 1969),271 (Yr 1970),271 (Yr 1949)
1969,272,1970,272,272 (Yr 1969),272 (Yr 1970),272 (Yr 1949)
1969,281,1970,281,281 (Yr 1969),281 (Yr 1970),281 (Yr 1949)
1970,201,1971,201,201 (Yr 1970),201 (Yr 1971),201 (Yr 1938)
1970,202,1971,202,202 (Yr 1970),202 (Yr 1971),202 (Yr 1938)
1970,203,1971,203,203 (Yr 1970),203 (Yr 1971),203 (Yr 1938)
1970,204,1971,204,204 (Yr 1970),204 (Yr 1971),204 (Yr 1938)
1970,205,1971,205,205 (Yr 1970),205 (Yr 1971),205 (Yr 1938)
1970,206,1971,206,206 (Yr 1970),206 (Yr 1971),206 (Yr 1967)
1970,207,1971,207,207 (Yr 1970),207 (Yr 1971),207 (Yr 1969)
1970,208,1971,208,208 (Yr 1970),208 (Yr 1971),208 (Yr 1938)
1970,209,1971,209,209 (Yr 1970),209 (Yr 1971),209 (Yr 1938)
1970,210,1971,210,210 (Yr 1970),210 (Yr 1971),210 (Yr 1938)
1970,211,1971,211,211 (Yr 1970),211 (Yr 1971),211 (Yr 1938)
1970,212,1971,212,212 (Yr 1970),212 (Yr 1971),212 (Yr 1938)
1970,213,1971,213,213 (Yr 1970),213 (Yr 1971),213 (Yr 1938)
1970,214,1971,214,214 (Yr 1970),214 (Yr 1971),214 (Yr 1938)
1970,215,1971,215,215 (Yr 1970),215 (Yr 1971),215 (Yr 1938)
1970,216,1971,216,216 (Yr 1970),216 (Yr 1971),216 (Yr 1970)
1970,217,1971,217,217 (Yr 1970),217 (Yr 1971),217 (Yr 1938)
1970,218,1971,218,218 (Yr 1970),218 (Yr 1971),218 (Yr 1938)
1970,219,1971,219,219 (Yr 1970),219 (Yr 1971),219 (Yr 1967)
1970,220,1971,220,220 (Yr 1970),220 (Yr 1971),220 (Yr 1938)
1970,221,1971,221,221 (Yr 1970),221 (Yr 1971),221 (Yr 1938)
1970,222,1971,222,222 (Yr 1970),222 (Yr 1971),222 (Yr 1959)
1970,224,1971,224,224 (Yr 1970),224 (Yr 1971),224 (Yr 1949)
1970,226,1971,226,226 (Yr 1970),226 (Yr 1971),226 (Yr 1970)
1970,250,1971,250,250 (Yr 1970),250 (Yr 1971),250 (Yr 1969)
1970,261,1971,261,261 (Yr 1970),261 (Yr 1971),261 (Yr 1949)
1970,262,1971,262,262 (Yr 1970),262 (Yr 1971),262 (Yr 1949)
1970,263,1971,263,263 (Yr 1970),263 (Yr 1971),263 (Yr 1949)
1970,264,1971,264,264 (Yr 1970),264 (Yr 1971),264 (Yr 1967)
1970,265,1971,265,265 (Yr 1970),265 (Yr 1971),265 (Yr 1968)
1970,270,1971,270,270 (Yr 1970),270 (Yr 1971),270 (Yr 1959)
1970,271,1971,271,271 (Yr 1970),271 (Yr 1971),271 (Yr 1949)
1970,272,1971,272,272 (Yr 1970),272 (Yr 1971),272 (Yr 1949)
1970,281,1971,281,281 (Yr 1970),281 (Yr 1971),281 (Yr 1949)
1971,201,1972,201,201 (Yr 1971),201 (Yr 1972),201 (Yr 1938)
1971,202,1972,202,202 (Yr 1971),202 (Yr 1972),202 (Yr 1938)
1971,203,1972,203,203 (Yr 1971),203 (Yr 1972),203 (Yr 1938)
1971,204,1972,204,204 (Yr 1971),204 (Yr 1972),204 (Yr 1938)
1971,205,1972,205,205 (Yr 1971),205 (Yr 1972),205 (Yr 1938)
1971,206,1972,206,206 (Yr 1971),206 (Yr 1972),206 (Yr 1967)
1971,207,1972,207,207 (Yr 1971),207 (Yr 1972),207 (Yr 1969)
1971,208,1972,208,208 (Yr 1971),208 (Yr 1972),208 (Yr 1938)
1971,209,1972,209,209 (Yr 1971),209 (Yr 1972),209 (Yr 1938)
1971,210,1972,210,210 (Yr 1971),210 (Yr 1972),210 (Yr 1938)
1971,211,1972,211,211 (Yr 1971),211 (Yr 1972),211 (Yr 1938)
1971,212,1972,212,212 (Yr 1971),212 (Yr 1972),212 (Yr 1938)
1971,213,1972,213,213 (Yr 1971),213 (Yr 1972),213 (Yr 1938)
1971,214,1972,214,214 (Yr 1971),214 (Yr 1972),214 (Yr 1938)
1971,215,1972,215,215 (Yr 1971),215 (Yr 1972),215 (Yr 1938)
1971,216,1972,216,216 (Yr 1971),216 (Yr 1972),216 (Yr 1970)
1971,217,1972,217,217 (Yr 1971),217 (Yr 1972),217 (Yr 1938)
1971,218,1972,218,218 (Yr 1971),218 (Yr 1972),218 (Yr 1938)
1971,219,1972,219,219 (Yr 1971),219 (Yr 1972),219 (Yr 1967)
1971,220,1972,220,220 (Yr 1971),220 (Yr 1972),220 (Yr 1938)
1971,221,1972,221,221 (Yr 1971),221 (Yr 1972),221 (Yr 1938)
1971,222,1972,NA,222 (Yr 1971),NA,222 (Yr 1959)
1971,224,1972,NA,224 (Yr 1971),NA,224 (Yr 1949)
1971,226,1972,226,226 (Yr 1971),226 (Yr 1972),226 (Yr 1970)
1971,250,1972,250,250 (Yr 1971),250 (Yr 1972),250 (Yr 1969)
1971,261,1972,261,261 (Yr 1971),261 (Yr 1972),261 (Yr 1949)
1971,262,1972,262,262 (Yr 1971),262 (Yr 1972),262 (Yr 1949)
1971,263,1972,263,263 (Yr 1971),263 (Yr 1972),263 (Yr 1949)
1971,264,1972,264,264 (Yr 1971),264 (Yr 1972),264 (Yr 1967)
1971,265,1972,265,265 (Yr 1971),265 (Yr 1972),265 (Yr 1968)
1971,269,1972,269,269 (Yr 1971),269 (Yr 1972),269 (Yr 1971)
1971,270,1972,270,270 (Yr 1971),270 (Yr 1972),270 (Yr 1959)
1971,271,1972,271,271 (Yr 1971),271 (Yr 1972),271 (Yr 1949)
1971,272,1972,272,272 (Yr 1971),272 (Yr 1972),272 (Yr 1949)
1971,281,1972,281,281 (Yr 1971),281 (Yr 1972),281 (Yr 1949)
1971,290,1972,290,290 (Yr 1971),290 (Yr 1972),290 (Yr 1971)
1971,292,1972,292,292 (Yr 1971),292 (Yr 1972),292 (Yr 1971)
1971,294,1972,294,294 (Yr 1971),294 (Yr 1972),294 (Yr 1971)
1972,201,1973,201,201 (Yr 1972),201 (Yr 1973),201 (Yr 1938)
1972,202,1973,202,202 (Yr 1972),202 (Yr 1973),202 (Yr 1938)
1972,203,1973,203,203 (Yr 1972),203 (Yr 1973),203 (Yr 1938)
1972,204,1973,204,204 (Yr 1972),204 (Yr 1973),204 (Yr 1938)
1972,205,1973,205,205 (Yr 1972),205 (Yr 1973),205 (Yr 1938)
1972,206,1973,206,206 (Yr 1972),206 (Yr 1973),206 (Yr 1967)
1972,207,1973,207,207 (Yr 1972),207 (Yr 1973),207 (Yr 1969)
1972,208,1973,208,208 (Yr 1972),208 (Yr 1973),208 (Yr 1938)
1972,209,1973,209,209 (Yr 1972),209 (Yr 1973),209 (Yr 1938)
1972,210,1973,210,210 (Yr 1972),210 (Yr 1973),210 (Yr 1938)
1972,211,1973,211,211 (Yr 1972),211 (Yr 1973),211 (Yr 1938)
1972,212,1973,212,212 (Yr 1972),212 (Yr 1973),212 (Yr 1938)
1972,213,1973,213,213 (Yr 1972),213 (Yr 1973),213 (Yr 1938)
1972,214,1973,214,214 (Yr 1972),214 (Yr 1973),214 (Yr 1938)
1972,215,1973,215,215 (Yr 1972),215 (Yr 1973),215 (Yr 1938)
1972,216,1973,216,216 (Yr 1972),216 (Yr 1973),216 (Yr 1970)
1972,217,1973,217,217 (Yr 1972),217 (Yr 1973),217 (Yr 1938)
1972,218,1973,218,218 (Yr 1972),218 (Yr 1973),218 (Yr 1938)
1972,219,1973,219,219 (Yr 1972),219 (Yr 1973),219 (Yr 1967)
1972,220,1973,220,220 (Yr 1972),220 (Yr 1973),220 (Yr 1938)
1972,221,1973,221,221 (Yr 1972),221 (Yr 1973),221 (Yr 1938)
1972,224,1973,224,224 (Yr 1972),224 (Yr 1973),224 (Yr 1972)
1972,225,1973,225,225 (Yr 1972),225 (Yr 1973),225 (Yr 1972)
1972,226,1973,226,226 (Yr 1972),226 (Yr 1973),226 (Yr 1970)
1972,250,1973,250,250 (Yr 1972),250 (Yr 1973),250 (Yr 1969)
1972,261,1973,261,261 (Yr 1972),261 (Yr 1973),261 (Yr 1949)
1972,262,1973,262,262 (Yr 1972),262 (Yr 1973),262 (Yr 1949)
1972,263,1973,263,263 (Yr 1972),263 (Yr 1973),263 (Yr 1949)
1972,264,1973,264,264 (Yr 1972),264 (Yr 1973),264 (Yr 1967)
1972,265,1973,265,265 (Yr 1972),265 (Yr 1973),265 (Yr 1968)
1972,269,1973,269,269 (Yr 1972),269 (Yr 1973),269 (Yr 1971)
1972,270,1973,270,270 (Yr 1972),270 (Yr 1973),270 (Yr 1959)
1972,271,1973,271,271 (Yr 1972),271 (Yr 1973),271 (Yr 1949)
1972,272,1973,272,272 (Yr 1972),272 (Yr 1973),272 (Yr 1949)
1972,281,1973,281,281 (Yr 1972),281 (Yr 1973),281 (Yr 1949)
1972,290,1973,290,290 (Yr 1972),290 (Yr 1973),290 (Yr 1971)
1972,292,1973,292,292 (Yr 1972),292 (Yr 1973),292 (Yr 1971)
1972,294,1973,294,294 (Yr 1972),294 (Yr 1973),294 (Yr 1971)
1973,201,1974,201,201 (Yr 1973),201 (Yr 1974),201 (Yr 1938)
1973,202,1974,202,202 (Yr 1973),202 (Yr 1974),202 (Yr 1938)
1973,203,1974,203,203 (Yr 1973),203 (Yr 1974),203 (Yr 1938)
1973,204,1974,204,204 (Yr 1973),204 (Yr 1974),204 (Yr 1938)
1973,205,1974,205,205 (Yr 1973),205 (Yr 1974),205 (Yr 1938)
1973,206,1974,206,206 (Yr 1973),206 (Yr 1974),206 (Yr 1967)
1973,207,1974,207,207 (Yr 1973),207 (Yr 1974),207 (Yr 1969)
1973,208,1974,208,208 (Yr 1973),208 (Yr 1974),208 (Yr 1938)
1973,209,1974,209,209 (Yr 1973),209 (Yr 1974),209 (Yr 1938)
1973,210,1974,210,210 (Yr 1973),210 (Yr 1974),210 (Yr 1938)
1973,211,1974,211,211 (Yr 1973),211 (Yr 1974),211 (Yr 1938)
1973,212,1974,212,212 (Yr 1973),212 (Yr 1974),212 (Yr 1938)
1973,213,1974,213,213 (Yr 1973),213 (Yr 1974),213 (Yr 1938)
1973,214,1974,214,214 (Yr 1973),214 (Yr 1974),214 (Yr 1938)
1973,215,1974,215,215 (Yr 1973),215 (Yr 1974),215 (Yr 1938)
1973,216,1974,216,216 (Yr 1973),216 (Yr 1974),216 (Yr 1970)
1973,217,1974,217,217 (Yr 1973),217 (Yr 1974),217 (Yr 1938)
1973,218,1974,218,218 (Yr 1973),218 (Yr 1974),218 (Yr 1938)
1973,219,1974,219,219 (Yr 1973),219 (Yr 1974),219 (Yr 1967)
1973,220,1974,220,220 (Yr 1973),220 (Yr 1974),220 (Yr 1938)
1973,221,1974,221,221 (Yr 1973),221 (Yr 1974),221 (Yr 1938)
1973,224,1974,224,224 (Yr 1973),224 (Yr 1974),224 (Yr 1972)
1973,225,1974,225,225 (Yr 1973),225 (Yr 1974),225 (Yr 1972)
1973,226,1974,226,226 (Yr 1973),226 (Yr 1974),226 (Yr 1970)
1973,250,1974,250,250 (Yr 1973),250 (Yr 1974),250 (Yr 1969)
1973,261,1974,261,261 (Yr 1973),261 (Yr 1974),261 (Yr 1949)
1973,262,1974,262,262 (Yr 1973),262 (Yr 1974),262 (Yr 1949)
1973,263,1974,263,263 (Yr 1973),263 (Yr 1974),263 (Yr 1949)
1973,264,1974,264,264 (Yr 1973),264 (Yr 1974),264 (Yr 1967)
1973,265,1974,265,265 (Yr 1973),265 (Yr 1974),265 (Yr 1968)
1973,269,1974,269,269 (Yr 1973),269 (Yr 1974),269 (Yr 1971)
1973,270,1974,270,270 (Yr 1973),270 (Yr 1974),270 (Yr 1959)
1973,271,1974,271,271 (Yr 1973),271 (Yr 1974),271 (Yr 1949)
1973,272,1974,272,272 (Yr 1973),272 (Yr 1974),272 (Yr 1949)
1973,281,1974,281,281 (Yr 1973),281 (Yr 1974),281 (Yr 1949)
1973,290,1974,290,290 (Yr 1973),290 (Yr 1974),290 (Yr 1971)
1973,292,1974,292,292 (Yr 1973),292 (Yr 1974),292 (Yr 1971)
1973,294,1974,294,294 (Yr 1973),294 (Yr 1974),294 (Yr 1971)
1974,201,1975,201,201 (Yr 1974),201 (Yr 1975),201 (Yr 1938)
1974,202,1975,NA,202 (Yr 1974),NA,202 (Yr 1938)
1974,203,1975,NA,203 (Yr 1974),NA,203 (Yr 1938)
1974,204,1975,204,204 (Yr 1974),204 (Yr 1975),204 (Yr 1938)
1974,205,1975,205,205 (Yr 1974),205 (Yr 1975),205 (Yr 1938)
1974,206,1975,206,206 (Yr 1974),206 (Yr 1975),206 (Yr 1967)
1974,207,1975,207,207 (Yr 1974),207 (Yr 1975),207 (Yr 1969)
1974,208,1975,208,208 (Yr 1974),208 (Yr 1975),208 (Yr 1938)
1974,209,1975,209,209 (Yr 1974),209 (Yr 1975),209 (Yr 1938)
1974,210,1975,210,210 (Yr 1974),210 (Yr 1975),210 (Yr 1938)
1974,211,1975,211,211 (Yr 1974),211 (Yr 1975),211 (Yr 1938)
1974,212,1975,212,212 (Yr 1974),212 (Yr 1975),212 (Yr 1938)
1974,213,1975,213,213 (Yr 1974),213 (Yr 1975),213 (Yr 1938)
1974,214,1975,214,214 (Yr 1974),214 (Yr 1975),214 (Yr 1938)
1974,215,1975,215,215 (Yr 1974),215 (Yr 1975),215 (Yr 1938)
1974,216,1975,216,216 (Yr 1974),216 (Yr 1975),216 (Yr 1970)
1974,217,1975,217,217 (Yr 1974),217 (Yr 1975),217 (Yr 1938)
1974,218,1975,218,218 (Yr 1974),218 (Yr 1975),218 (Yr 1938)
1974,219,1975,219,219 (Yr 1974),219 (Yr 1975),219 (Yr 1967)
1974,220,1975,220,220 (Yr 1974),220 (Yr 1975),220 (Yr 1938)
1974,221,1975,221,221 (Yr 1974),221 (Yr 1975),221 (Yr 1938)
1974,224,1975,224,224 (Yr 1974),224 (Yr 1975),224 (Yr 1972)
1974,225,1975,225,225 (Yr 1974),225 (Yr 1975),225 (Yr 1972)
1974,226,1975,226,226 (Yr 1974),226 (Yr 1975),226 (Yr 1970)
1974,250,1975,250,250 (Yr 1974),250 (Yr 1975),250 (Yr 1969)
1974,261,1975,261,261 (Yr 1974),261 (Yr 1975),261 (Yr 1949)
1974,262,1975,262,262 (Yr 1974),262 (Yr 1975),262 (Yr 1949)
1974,263,1975,263,263 (Yr 1974),263 (Yr 1975),263 (Yr 1949)
1974,264,1975,264,264 (Yr 1974),264 (Yr 1975),264 (Yr 1967)
1974,265,1975,265,265 (Yr 1974),265 (Yr 1975),265 (Yr 1968)
1974,266,1975,266,266 (Yr 1974),266 (Yr 1975),266 (Yr 1974)
1974,269,1975,269,269 (Yr 1974),269 (Yr 1975),269 (Yr 1971)
1974,270,1975,270,270 (Yr 1974),270 (Yr 1975),270 (Yr 1959)
1974,271,1975,271,271 (Yr 1974),271 (Yr 1975),271 (Yr 1949)
1974,272,1975,272,272 (Yr 1974),272 (Yr 1975),272 (Yr 1949)
1974,281,1975,281,281 (Yr 1974),281 (Yr 1975),281 (Yr 1949)
1974,290,1975,290,290 (Yr 1974),290 (Yr 1975),290 (Yr 1971)
1974,292,1975,292,292 (Yr 1974),292 (Yr 1975),292 (Yr 1971)
1974,294,1975,294,294 (Yr 1974),294 (Yr 1975),294 (Yr 1971)
1975,201,1976,201,201 (Yr 1975),201 (Yr 1976),201 (Yr 1938)
1975,204,1976,204,204 (Yr 1975),204 (Yr 1976),204 (Yr 1938)
1975,205,1976,205,205 (Yr 1975),205 (Yr 1976),205 (Yr 1938)
1975,206,1976,206,206 (Yr 1975),206 (Yr 1976),206 (Yr 1967)
1975,207,1976,207,207 (Yr 1975),207 (Yr 1976),207 (Yr 1969)
1975,208,1976,208,208 (Yr 1975),208 (Yr 1976),208 (Yr 1938)
1975,209,1976,209,209 (Yr 1975),209 (Yr 1976),209 (Yr 1938)
1975,210,1976,210,210 (Yr 1975),210 (Yr 1976),210 (Yr 1938)
1975,211,1976,211,211 (Yr 1975),211 (Yr 1976),211 (Yr 1938)
1975,212,1976,212,212 (Yr 1975),212 (Yr 1976),212 (Yr 1938)
1975,213,1976,213,213 (Yr 1975),213 (Yr 1976),213 (Yr 1938)
1975,214,1976,214,214 (Yr 1975),214 (Yr 1976),214 (Yr 1938)
1975,215,1976,215,215 (Yr 1975),215 (Yr 1976),215 (Yr 1938)
1975,216,1976,216,216 (Yr 1975),216 (Yr 1976),216 (Yr 1970)
1975,217,1976,217,217 (Yr 1975),217 (Yr 1976),217 (Yr 1938)
1975,218,1976,218,218 (Yr 1975),218 (Yr 1976),218 (Yr 1938)
1975,219,1976,219,219 (Yr 1975),219 (Yr 1976),219 (Yr 1967)
1975,220,1976,220,220 (Yr 1975),220 (Yr 1976),220 (Yr 1938)
1975,221,1976,221,221 (Yr 1975),221 (Yr 1976),221 (Yr 1938)
1975,224,1976,224,224 (Yr 1975),224 (Yr 1976),224 (Yr 1972)
1975,225,1976,225,225 (Yr 1975),225 (Yr 1976),225 (Yr 1972)
1975,226,1976,226,226 (Yr 1975),226 (Yr 1976),226 (Yr 1970)
1975,250,1976,250,250 (Yr 1975),250 (Yr 1976),250 (Yr 1969)
1975,261,1976,261,261 (Yr 1975),261 (Yr 1976),261 (Yr 1949)
1975,262,1976,262,262 (Yr 1975),262 (Yr 1976),262 (Yr 1949)
1975,263,1976,263,263 (Yr 1975),263 (Yr 1976),263 (Yr 1949)
1975,264,1976,264,264 (Yr 1975),264 (Yr 1976),264 (Yr 1967)
1975,265,1976,265,265 (Yr 1975),265 (Yr 1976),265 (Yr 1968)
1975,266,1976,266,266 (Yr 1975),266 (Yr 1976),266 (Yr 1974)
1975,269,1976,269,269 (Yr 1975),269 (Yr 1976),269 (Yr 1971)
1975,270,1976,270,270 (Yr 1975),270 (Yr 1976),270 (Yr 1959)
1975,271,1976,271,271 (Yr 1975),271 (Yr 1976),271 (Yr 1949)
1975,272,1976,272,272 (Yr 1975),272 (Yr 1976),272 (Yr 1949)
1975,281,1976,281,281 (Yr 1975),281 (Yr 1976),281 (Yr 1949)
1975,290,1976,290,290 (Yr 1975),290 (Yr 1976),290 (Yr 1971)
1975,292,1976,292,292 (Yr 1975),292 (Yr 1976),292 (Yr 1971)
1975,294,1976,294,294 (Yr 1975),294 (Yr 1976),294 (Yr 1971)
1976,201,1977,201,201 (Yr 1976),201 (Yr 1977),201 (Yr 1938)
1976,202,1977,202,202 (Yr 1976),202 (Yr 1977),202 (Yr 1976)
1976,204,1977,204,204 (Yr 1976),204 (Yr 1977),204 (Yr 1938)
1976,205,1977,205,205 (Yr 1976),205 (Yr 1977),205 (Yr 1938)
1976,206,1977,206,206 (Yr 1976),206 (Yr 1977),206 (Yr 1967)
1976,207,1977,207,207 (Yr 1976),207 (Yr 1977),207 (Yr 1969)
1976,208,1977,208,208 (Yr 1976),208 (Yr 1977),208 (Yr 1938)
1976,209,1977,209,209 (Yr 1976),209 (Yr 1977),209 (Yr 1938)
1976,210,1977,210,210 (Yr 1976),210 (Yr 1977),210 (Yr 1938)
1976,211,1977,211,211 (Yr 1976),211 (Yr 1977),211 (Yr 1938)
1976,212,1977,212,212 (Yr 1976),212 (Yr 1977),212 (Yr 1938)
1976,213,1977,213,213 (Yr 1976),213 (Yr 1977),213 (Yr 1938)
1976,214,1977,214,214 (Yr 1976),214 (Yr 1977),214 (Yr 1938)
1976,215,1977,215,215 (Yr 1976),215 (Yr 1977),215 (Yr 1938)
1976,216,1977,216,216 (Yr 1976),216 (Yr 1977),216 (Yr 1970)
1976,217,1977,217,217 (Yr 1976),217 (Yr 1977),217 (Yr 1938)
1976,218,1977,218,218 (Yr 1976),218 (Yr 1977),218 (Yr 1938)
1976,219,1977,219,219 (Yr 1976),219 (Yr 1977),219 (Yr 1967)
1976,220,1977,220,220 (Yr 1976),220 (Yr 1977),220 (Yr 1938)
1976,221,1977,221,221 (Yr 1976),221 (Yr 1977),221 (Yr 1938)
1976,224,1977,224,224 (Yr 1976),224 (Yr 1977),224 (Yr 1972)
1976,225,1977,225,225 (Yr 1976),225 (Yr 1977),225 (Yr 1972)
1976,226,1977,226,226 (Yr 1976),226 (Yr 1977),226 (Yr 1970)
1976,250,1977,250,250 (Yr 1976),250 (Yr 1977),250 (Yr 1969)
1976,261,1977,261,261 (Yr 1976),261 (Yr 1977),261 (Yr 1949)
1976,261a,1977,261a,261a (Yr 1976),261a (Yr 1977),261a (Yr 1976)
1976,262,1977,262,262 (Yr 1976),262 (Yr 1977),262 (Yr 1949)
1976,263,1977,263,263 (Yr 1976),263 (Yr 1977),263 (Yr 1949)
1976,264,1977,264,264 (Yr 1976),264 (Yr 1977),264 (Yr 1967)
1976,265,1977,265,265 (Yr 1976),265 (Yr 1977),265 (Yr 1968)
1976,266,1977,266,266 (Yr 1976),266 (Yr 1977),266 (Yr 1974)
1976,269,1977,269,269 (Yr 1976),269 (Yr 1977),269 (Yr 1971)
1976,270,1977,270,270 (Yr 1976),270 (Yr 1977),270 (Yr 1959)
1976,271,1977,271,271 (Yr 1976),271 (Yr 1977),271 (Yr 1949)
1976,272,1977,272,272 (Yr 1976),272 (Yr 1977),272 (Yr 1949)
1976,281,1977,281,281 (Yr 1976),281 (Yr 1977),281 (Yr 1949)
1976,290,1977,290,290 (Yr 1976),290 (Yr 1977),290 (Yr 1971)
1976,292,1977,292,292 (Yr 1976),292 (Yr 1977),292 (Yr 1971)
1976,294,1977,294,294 (Yr 1976),294 (Yr 1977),294 (Yr 1971)
1977,201,1978,201,201 (Yr 1977),201 (Yr 1978),201 (Yr 1938)
1977,202,1978,202,202 (Yr 1977),202 (Yr 1978),202 (Yr 1976)
1977,203,1978,203,203 (Yr 1977),203 (Yr 1978),203 (Yr 1977)
1977,204,1978,204,204 (Yr 1977),204 (Yr 1978),204 (Yr 1938)
1977,205,1978,205,205 (Yr 1977),205 (Yr 1978),205 (Yr 1938)
1977,206,1978,206,206 (Yr 1977),206 (Yr 1978),206 (Yr 1967)
1977,207,1978,207,207 (Yr 1977),207 (Yr 1978),207 (Yr 1969)
1977,208,1978,208,208 (Yr 1977),208 (Yr 1978),208 (Yr 1938)
1977,209,1978,209,209 (Yr 1977),209 (Yr 1978),209 (Yr 1938)
1977,210,1978,210,210 (Yr 1977),210 (Yr 1978),210 (Yr 1938)
1977,211,1978,211,211 (Yr 1977),211 (Yr 1978),211 (Yr 1938)
1977,212,1978,212,212 (Yr 1977),212 (Yr 1978),212 (Yr 1938)
1977,213,1978,213,213 (Yr 1977),213 (Yr 1978),213 (Yr 1938)
1977,214,1978,214,214 (Yr 1977),214 (Yr 1978),214 (Yr 1938)
1977,215,1978,215,215 (Yr 1977),215 (Yr 1978),215 (Yr 1938)
1977,216,1978,216,216 (Yr 1977),216 (Yr 1978),216 (Yr 1970)
1977,217,1978,217,217 (Yr 1977),217 (Yr 1978),217 (Yr 1938)
1977,218,1978,218,218 (Yr 1977),218 (Yr 1978),218 (Yr 1938)
1977,219,1978,219,219 (Yr 1977),219 (Yr 1978),219 (Yr 1967)
1977,220,1978,220,220 (Yr 1977),220 (Yr 1978),220 (Yr 1938)
1977,221,1978,221,221 (Yr 1977),221 (Yr 1978),221 (Yr 1938)
1977,224,1978,224,224 (Yr 1977),224 (Yr 1978),224 (Yr 1972)
1977,225,1978,225,225 (Yr 1977),225 (Yr 1978),225 (Yr 1972)
1977,226,1978,226,226 (Yr 1977),226 (Yr 1978),226 (Yr 1970)
1977,227,1978,227,227 (Yr 1977),227 (Yr 1978),227 (Yr 1977)
1977,250,1978,250,250 (Yr 1977),250 (Yr 1978),250 (Yr 1969)
1977,261,1978,261,261 (Yr 1977),261 (Yr 1978),261 (Yr 1949)
1977,261a,1978,261a,261a (Yr 1977),261a (Yr 1978),261a (Yr 1976)
1977,262,1978,262,262 (Yr 1977),262 (Yr 1978),262 (Yr 1949)
1977,263,1978,263,263 (Yr 1977),263 (Yr 1978),263 (Yr 1949)
1977,264,1978,264,264 (Yr 1977),264 (Yr 1978),264 (Yr 1967)
1977,265,1978,265,265 (Yr 1977),265 (Yr 1978),265 (Yr 1968)
1977,266,1978,266,266 (Yr 1977),266 (Yr 1978),266 (Yr 1974)
1977,267,1978,267,267 (Yr 1977),267 (Yr 1978),267 (Yr 1977)
1977,269,1978,269,269 (Yr 1977),269 (Yr 1978),269 (Yr 1971)
1977,270,1978,270,270 (Yr 1977),270 (Yr 1978),270 (Yr 1959)
1977,271,1978,271,271 (Yr 1977),271 (Yr 1978),271 (Yr 1949)
1977,272,1978,272,272 (Yr 1977),272 (Yr 1978),272 (Yr 1949)
1977,281,1978,281,281 (Yr 1977),281 (Yr 1978),281 (Yr 1949)
1977,290,1978,290,290 (Yr 1977),290 (Yr 1978),290 (Yr 1971)
1977,292,1978,292,292 (Yr 1977),292 (Yr 1978),292 (Yr 1971)
1977,294,1978,294,294 (Yr 1977),294 (Yr 1978),294 (Yr 1971)
1978,201,1979,201,201 (Yr 1978),201 (Yr 1979),201 (Yr 1938)
1978,202,1979,202,202 (Yr 1978),202 (Yr 1979),202 (Yr 1976)
1978,203,1979,203,203 (Yr 1978),203 (Yr 1979),203 (Yr 1977)
1978,204,1979,204,204 (Yr 1978),204 (Yr 1979),204 (Yr 1938)
1978,205,1979,NA,205 (Yr 1978),NA,205 (Yr 1938)
1978,206,1979,206,206 (Yr 1978),206 (Yr 1979),206 (Yr 1967)
1978,207,1979,207,207 (Yr 1978),207 (Yr 1979),207 (Yr 1969)
1978,208,1979,208,208 (Yr 1978),208 (Yr 1979),208 (Yr 1938)
1978,209,1979,209,209 (Yr 1978),209 (Yr 1979),209 (Yr 1938)
1978,210,1979,210,210 (Yr 1978),210 (Yr 1979),210 (Yr 1938)
1978,211,1979,211,211 (Yr 1978),211 (Yr 1979),211 (Yr 1938)
1978,212,1979,212,212 (Yr 1978),212 (Yr 1979),212 (Yr 1938)
1978,213,1979,213,213 (Yr 1978),213 (Yr 1979),213 (Yr 1938)
1978,214,1979,214,214 (Yr 1978),214 (Yr 1979),214 (Yr 1938)
1978,215,1979,215,215 (Yr 1978),215 (Yr 1979),215 (Yr 1938)
1978,216,1979,216,216 (Yr 1978),216 (Yr 1979),216 (Yr 1970)
1978,217,1979,217,217 (Yr 1978),217 (Yr 1979),217 (Yr 1938)
1978,218,1979,218,218 (Yr 1978),218 (Yr 1979),218 (Yr 1938)
1978,219,1979,219,219 (Yr 1978),219 (Yr 1979),219 (Yr 1967)
1978,220,1979,220,220 (Yr 1978),220 (Yr 1979),220 (Yr 1938)
1978,221,1979,221,221 (Yr 1978),221 (Yr 1979),221 (Yr 1938)
1978,224,1979,224,224 (Yr 1978),224 (Yr 1979),224 (Yr 1972)
1978,225,1979,225,225 (Yr 1978),225 (Yr 1979),225 (Yr 1972)
1978,226,1979,226,226 (Yr 1978),226 (Yr 1979),226 (Yr 1970)
1978,227,1979,227,227 (Yr 1978),227 (Yr 1979),227 (Yr 1977)
1978,250,1979,250,250 (Yr 1978),250 (Yr 1979),250 (Yr 1969)
1978,261,1979,261,261 (Yr 1978),261 (Yr 1979),261 (Yr 1949)
1978,261a,1979,261a,261a (Yr 1978),261a (Yr 1979),261a (Yr 1976)
1978,261b,1979,261b,261b (Yr 1978),261b (Yr 1979),261b (Yr 1978)
1978,262,1979,262,262 (Yr 1978),262 (Yr 1979),262 (Yr 1949)
1978,263,1979,263,263 (Yr 1978),263 (Yr 1979),263 (Yr 1949)
1978,264,1979,264,264 (Yr 1978),264 (Yr 1979),264 (Yr 1967)
1978,265,1979,265,265 (Yr 1978),265 (Yr 1979),265 (Yr 1968)
1978,266,1979,266,266 (Yr 1978),266 (Yr 1979),266 (Yr 1974)
1978,267,1979,267,267 (Yr 1978),267 (Yr 1979),267 (Yr 1977)
1978,268,1979,268,268 (Yr 1978),268 (Yr 1979),268 (Yr 1978)
1978,269,1979,269,269 (Yr 1978),269 (Yr 1979),269 (Yr 1971)
1978,270,1979,270,270 (Yr 1978),270 (Yr 1979),270 (Yr 1959)
1978,271,1979,271,271 (Yr 1978),271 (Yr 1979),271 (Yr 1949)
1978,272,1979,272,272 (Yr 1978),272 (Yr 1979),272 (Yr 1949)
1978,281,1979,281,281 (Yr 1978),281 (Yr 1979),281 (Yr 1949)
1978,290,1979,290,290 (Yr 1978),290 (Yr 1979),290 (Yr 1971)
1978,292,1979,292,292 (Yr 1978),292 (Yr 1979),292 (Yr 1971)
1978,294,1979,294,294 (Yr 1978),294 (Yr 1979),294 (Yr 1971)
1979,201,1980,201,201 (Yr 1979),201 (Yr 1980),201 (Yr 1938)
1979,202,1980,202,202 (Yr 1979),202 (Yr 1980),202 (Yr 1976)
1979,203,1980,203,203 (Yr 1979),203 (Yr 1980),203 (Yr 1977)
1979,204,1980,204,204 (Yr 1979),204 (Yr 1980),204 (Yr 1938)
1979,206,1980,206,206 (Yr 1979),206 (Yr 1980),206 (Yr 1967)
1979,207,1980,207,207 (Yr 1979),207 (Yr 1980),207 (Yr 1969)
1979,208,1980,208,208 (Yr 1979),208 (Yr 1980),208 (Yr 1938)
1979,209,1980,209,209 (Yr 1979),209 (Yr 1980),209 (Yr 1938)
1979,210,1980,210,210 (Yr 1979),210 (Yr 1980),210 (Yr 1938)
1979,211,1980,NA,211 (Yr 1979),NA,211 (Yr 1938)
1979,212,1980,NA,212 (Yr 1979),NA,212 (Yr 1938)
1979,213,1980,NA,213 (Yr 1979),NA,213 (Yr 1938)
1979,214,1980,214,214 (Yr 1979),214 (Yr 1980),214 (Yr 1938)
1979,215,1980,215,215 (Yr 1979),215 (Yr 1980),215 (Yr 1938)
1979,216,1980,216,216 (Yr 1979),216 (Yr 1980),216 (Yr 1970)
1979,217,1980,217,217 (Yr 1979),217 (Yr 1980),217 (Yr 1938)
1979,218,1980,218,218 (Yr 1979),218 (Yr 1980),218 (Yr 1938)
1979,219,1980,NA,219 (Yr 1979),NA,219 (Yr 1967)
1979,220,1980,220,220 (Yr 1979),220 (Yr 1980),220 (Yr 1938)
1979,221,1980,221,221 (Yr 1979),221 (Yr 1980),221 (Yr 1938)
1979,224,1980,224,224 (Yr 1979),224 (Yr 1980),224 (Yr 1972)
1979,225,1980,225,225 (Yr 1979),225 (Yr 1980),225 (Yr 1972)
1979,226,1980,226,226 (Yr 1979),226 (Yr 1980),226 (Yr 1970)
1979,227,1980,227,227 (Yr 1979),227 (Yr 1980),227 (Yr 1977)
1979,228,1980,228,228 (Yr 1979),228 (Yr 1980),228 (Yr 1979)
1979,250,1980,250,250 (Yr 1979),250 (Yr 1980),250 (Yr 1969)
1979,261,1980,261,261 (Yr 1979),261 (Yr 1980),261 (Yr 1949)
1979,261a,1980,261a,261a (Yr 1979),261a (Yr 1980),261a (Yr 1976)
1979,261b,1980,261b,261b (Yr 1979),261b (Yr 1980),261b (Yr 1978)
1979,262,1980,262,262 (Yr 1979),262 (Yr 1980),262 (Yr 1949)
1979,263,1980,263,263 (Yr 1979),263 (Yr 1980),263 (Yr 1949)
1979,264,1980,264,264 (Yr 1979),264 (Yr 1980),264 (Yr 1967)
1979,264a,1980,264a,264a (Yr 1979),264a (Yr 1980),264a (Yr 1979)
1979,265,1980,265,265 (Yr 1979),265 (Yr 1980),265 (Yr 1968)
1979,266,1980,266,266 (Yr 1979),266 (Yr 1980),266 (Yr 1974)
1979,267,1980,267,267 (Yr 1979),267 (Yr 1980),267 (Yr 1977)
1979,268,1980,268,268 (Yr 1979),268 (Yr 1980),268 (Yr 1978)
1979,269,1980,269,269 (Yr 1979),269 (Yr 1980),269 (Yr 1971)
1979,270,1980,270,270 (Yr 1979),270 (Yr 1980),270 (Yr 1959)
1979,271,1980,271,271 (Yr 1979),271 (Yr 1980),271 (Yr 1949)
1979,272,1980,272,272 (Yr 1979),272 (Yr 1980),272 (Yr 1949)
1979,281,1980,281,281 (Yr 1979),281 (Yr 1980),281 (Yr 1949)
1979,290,1980,290,290 (Yr 1979),290 (Yr 1980),290 (Yr 1971)
1979,292,1980,292,292 (Yr 1979),292 (Yr 1980),292 (Yr 1971)
1979,294,1980,294,294 (Yr 1979),294 (Yr 1980),294 (Yr 1971)
1980,201,1981,201,201 (Yr 1980),201 (Yr 1981),201 (Yr 1938)
1980,202,1981,202,202 (Yr 1980),202 (Yr 1981),202 (Yr 1976)
1980,203,1981,203,203 (Yr 1980),203 (Yr 1981),203 (Yr 1977)
1980,204,1981,NA,204 (Yr 1980),NA,204 (Yr 1938)
1980,205,1981,205,205 (Yr 1980),205 (Yr 1981),205 (Yr 1980)
1980,206,1981,206,206 (Yr 1980),206 (Yr 1981),206 (Yr 1967)
1980,207,1981,207,207 (Yr 1980),207 (Yr 1981),207 (Yr 1969)
1980,208,1981,208,208 (Yr 1980),208 (Yr 1981),208 (Yr 1938)
1980,209,1981,209,209 (Yr 1980),209 (Yr 1981),209 (Yr 1938)
1980,210,1981,210,210 (Yr 1980),210 (Yr 1981),210 (Yr 1938)
1980,211,1981,211,211 (Yr 1980),211 (Yr 1981),211 (Yr 1980)
1980,212,1981,212,212 (Yr 1980),212 (Yr 1981),212 (Yr 1980)
1980,214,1981,214,214 (Yr 1980),214 (Yr 1981),214 (Yr 1938)
1980,215,1981,215,215 (Yr 1980),215 (Yr 1981),215 (Yr 1938)
1980,216,1981,216,216 (Yr 1980),216 (Yr 1981),216 (Yr 1970)
1980,217,1981,217,217 (Yr 1980),217 (Yr 1981),217 (Yr 1938)
1980,218,1981,218,218 (Yr 1980),218 (Yr 1981),218 (Yr 1938)
1980,219,1981,219,219 (Yr 1980),219 (Yr 1981),219 (Yr 1980)
1980,220,1981,220,220 (Yr 1980),220 (Yr 1981),220 (Yr 1938)
1980,221,1981,221,221 (Yr 1980),221 (Yr 1981),221 (Yr 1938)
1980,224,1981,224,224 (Yr 1980),224 (Yr 1981),224 (Yr 1972)
1980,225,1981,225,225 (Yr 1980),225 (Yr 1981),225 (Yr 1972)
1980,226,1981,226,226 (Yr 1980),226 (Yr 1981),226 (Yr 1970)
1980,227,1981,227,227 (Yr 1980),227 (Yr 1981),227 (Yr 1977)
1980,228,1981,228,228 (Yr 1980),228 (Yr 1981),228 (Yr 1979)
1980,250,1981,250,250 (Yr 1980),250 (Yr 1981),250 (Yr 1969)
1980,261,1981,261,261 (Yr 1980),261 (Yr 1981),261 (Yr 1949)
1980,261a,1981,261a,261a (Yr 1980),261a (Yr 1981),261a (Yr 1976)
1980,261b,1981,261b,261b (Yr 1980),261b (Yr 1981),261b (Yr 1978)
1980,262,1981,262,262 (Yr 1980),262 (Yr 1981),262 (Yr 1949)
1980,263,1981,263,263 (Yr 1980),263 (Yr 1981),263 (Yr 1949)
1980,264,1981,264,264 (Yr 1980),264 (Yr 1981),264 (Yr 1967)
1980,264a,1981,264a,264a (Yr 1980),264a (Yr 1981),264a (Yr 1979)
1980,264b,1981,264b,264b (Yr 1980),264b (Yr 1981),264b (Yr 1980)
1980,265,1981,265,265 (Yr 1980),265 (Yr 1981),265 (Yr 1968)
1980,266,1981,266,266 (Yr 1980),266 (Yr 1981),266 (Yr 1974)
1980,267,1981,267,267 (Yr 1980),267 (Yr 1981),267 (Yr 1977)
1980,268,1981,268,268 (Yr 1980),268 (Yr 1981),268 (Yr 1978)
1980,269,1981,269,269 (Yr 1980),269 (Yr 1981),269 (Yr 1971)
1980,270,1981,270,270 (Yr 1980),270 (Yr 1981),270 (Yr 1959)
1980,271,1981,271,271 (Yr 1980),271 (Yr 1981),271 (Yr 1949)
1980,272,1981,272,272 (Yr 1980),272 (Yr 1981),272 (Yr 1949)
1980,281,1981,281,281 (Yr 1980),281 (Yr 1981),281 (Yr 1949)
1980,290,1981,290,290 (Yr 1980),290 (Yr 1981),290 (Yr 1971)
1980,292,1981,292,292 (Yr 1980),292 (Yr 1981),292 (Yr 1971)
1980,294,1981,294,294 (Yr 1980),294 (Yr 1981),294 (Yr 1971)
1981,201,1982,201,201 (Yr 1981),201 (Yr 1982),201 (Yr 1938)
1981,202,1982,202,202 (Yr 1981),202 (Yr 1982),202 (Yr 1976)
1981,203,1982,203,203 (Yr 1981),203 (Yr 1982),203 (Yr 1977)
1981,204,1982,204,204 (Yr 1981),204 (Yr 1982),204 (Yr 1981)
1981,205,1982,205,205 (Yr 1981),205 (Yr 1982),205 (Yr 1980)
1981,206,1982,206,206 (Yr 1981),206 (Yr 1982),206 (Yr 1967)
1981,207,1982,207,207 (Yr 1981),207 (Yr 1982),207 (Yr 1969)
1981,208,1982,208,208 (Yr 1981),208 (Yr 1982),208 (Yr 1938)
1981,209,1982,209,209 (Yr 1981),209 (Yr 1982),209 (Yr 1938)
1981,210,1982,210,210 (Yr 1981),210 (Yr 1982),210 (Yr 1938)
1981,211,1982,211,211 (Yr 1981),211 (Yr 1982),211 (Yr 1980)
1981,212,1982,212,212 (Yr 1981),212 (Yr 1982),212 (Yr 1980)
1981,214,1982,214,214 (Yr 1981),214 (Yr 1982),214 (Yr 1938)
1981,215,1982,215,215 (Yr 1981),215 (Yr 1982),215 (Yr 1938)
1981,216,1982,216,216 (Yr 1981),216 (Yr 1982),216 (Yr 1970)
1981,217,1982,217,217 (Yr 1981),217 (Yr 1982),217 (Yr 1938)
1981,218,1982,218,218 (Yr 1981),218 (Yr 1982),218 (Yr 1938)
1981,219,1982,219,219 (Yr 1981),219 (Yr 1982),219 (Yr 1980)
1981,220,1982,220,220 (Yr 1981),220 (Yr 1982),220 (Yr 1938)
1981,221,1982,221,221 (Yr 1981),221 (Yr 1982),221 (Yr 1938)
1981,224,1982,224,224 (Yr 1981),224 (Yr 1982),224 (Yr 1972)
1981,225,1982,225,225 (Yr 1981),225 (Yr 1982),225 (Yr 1972)
1981,226,1982,226,226 (Yr 1981),226 (Yr 1982),226 (Yr 1970)
1981,227,1982,227,227 (Yr 1981),227 (Yr 1982),227 (Yr 1977)
1981,228,1982,228,228 (Yr 1981),228 (Yr 1982),228 (Yr 1979)
1981,245,1982,245,245 (Yr 1981),245 (Yr 1982),245 (Yr 1981)
1981,250,1982,250,250 (Yr 1981),250 (Yr 1982),250 (Yr 1969)
1981,261,1982,261,261 (Yr 1981),261 (Yr 1982),261 (Yr 1949)
1981,261a,1982,261a,261a (Yr 1981),261a (Yr 1982),261a (Yr 1976)
1981,261b,1982,261b,261b (Yr 1981),261b (Yr 1982),261b (Yr 1978)
1981,262,1982,262,262 (Yr 1981),262 (Yr 1982),262 (Yr 1949)
1981,263,1982,263,263 (Yr 1981),263 (Yr 1982),263 (Yr 1949)
1981,264,1982,264,264 (Yr 1981),264 (Yr 1982),264 (Yr 1967)
1981,264a,1982,264a,264a (Yr 1981),264a (Yr 1982),264a (Yr 1979)
1981,264b,1982,264b,264b (Yr 1981),264b (Yr 1982),264b (Yr 1980)
1981,265,1982,265,265 (Yr 1981),265 (Yr 1982),265 (Yr 1968)
1981,266,1982,266,266 (Yr 1981),266 (Yr 1982),266 (Yr 1974)
1981,267,1982,267,267 (Yr 1981),267 (Yr 1982),267 (Yr 1977)
1981,268,1982,268,268 (Yr 1981),268 (Yr 1982),268 (Yr 1978)
1981,269,1982,269,269 (Yr 1981),269 (Yr 1982),269 (Yr 1971)
1981,270,1982,270,270 (Yr 1981),270 (Yr 1982),270 (Yr 1959)
1981,271,1982,271,271 (Yr 1981),271 (Yr 1982),271 (Yr 1949)
1981,272,1982,272,272 (Yr 1981),272 (Yr 1982),272 (Yr 1949)
1981,281,1982,281,281 (Yr 1981),281 (Yr 1982),281 (Yr 1949)
1981,290,1982,290,290 (Yr 1981),290 (Yr 1982),290 (Yr 1971)
1981,292,1982,292,292 (Yr 1981),292 (Yr 1982),292 (Yr 1971)
1981,294,1982,294,294 (Yr 1981),294 (Yr 1982),294 (Yr 1971)
1982,201,1983,201,201 (Yr 1982),201 (Yr 1983),201 (Yr 1938)
1982,202,1983,202,202 (Yr 1982),202 (Yr 1983),202 (Yr 1976)
1982,203,1983,203,203 (Yr 1982),203 (Yr 1983),203 (Yr 1977)
1982,204,1983,204,204 (Yr 1982),204 (Yr 1983),204 (Yr 1981)
1982,205,1983,205,205 (Yr 1982),205 (Yr 1983),205 (Yr 1980)
1982,206,1983,206,206 (Yr 1982),206 (Yr 1983),206 (Yr 1967)
1982,207,1983,207,207 (Yr 1982),207 (Yr 1983),207 (Yr 1969)
1982,208,1983,208,208 (Yr 1982),208 (Yr 1983),208 (Yr 1938)
1982,209,1983,209,209 (Yr 1982),209 (Yr 1983),209 (Yr 1938)
1982,210,1983,210,210 (Yr 1982),210 (Yr 1983),210 (Yr 1938)
1982,211,1983,211,211 (Yr 1982),211 (Yr 1983),211 (Yr 1980)
1982,212,1983,212,212 (Yr 1982),212 (Yr 1983),212 (Yr 1980)
1982,213,1983,213,213 (Yr 1982),213 (Yr 1983),213 (Yr 1982)
1982,214,1983,214,214 (Yr 1982),214 (Yr 1983),214 (Yr 1938)
1982,215,1983,215,215 (Yr 1982),215 (Yr 1983),215 (Yr 1938)
1982,216,1983,216,216 (Yr 1982),216 (Yr 1983),216 (Yr 1970)
1982,217,1983,217,217 (Yr 1982),217 (Yr 1983),217 (Yr 1938)
1982,218,1983,218,218 (Yr 1982),218 (Yr 1983),218 (Yr 1938)
1982,219,1983,219,219 (Yr 1982),219 (Yr 1983),219 (Yr 1980)
1982,220,1983,220,220 (Yr 1982),220 (Yr 1983),220 (Yr 1938)
1982,221,1983,221,221 (Yr 1982),221 (Yr 1983),221 (Yr 1938)
1982,224,1983,224,224 (Yr 1982),224 (Yr 1983),224 (Yr 1972)
1982,225,1983,225,225 (Yr 1982),225 (Yr 1983),225 (Yr 1972)
1982,226,1983,226,226 (Yr 1982),226 (Yr 1983),226 (Yr 1970)
1982,227,1983,227,227 (Yr 1982),227 (Yr 1983),227 (Yr 1977)
1982,228,1983,228,228 (Yr 1982),228 (Yr 1983),228 (Yr 1979)
1982,245,1983,245,245 (Yr 1982),245 (Yr 1983),245 (Yr 1981)
1982,250,1983,250,250 (Yr 1982),250 (Yr 1983),250 (Yr 1969)
1982,261,1983,261,261 (Yr 1982),261 (Yr 1983),261 (Yr 1949)
1982,261a,1983,261a,261a (Yr 1982),261a (Yr 1983),261a (Yr 1976)
1982,261b,1983,261b,261b (Yr 1982),261b (Yr 1983),261b (Yr 1978)
1982,262,1983,262,262 (Yr 1982),262 (Yr 1983),262 (Yr 1949)
1982,263,1983,263,263 (Yr 1982),263 (Yr 1983),263 (Yr 1949)
1982,264,1983,264,264 (Yr 1982),264 (Yr 1983),264 (Yr 1967)
1982,264a,1983,264a,264a (Yr 1982),264a (Yr 1983),264a (Yr 1979)
1982,264b,1983,264b,264b (Yr 1982),264b (Yr 1983),264b (Yr 1980)
1982,265,1983,265,265 (Yr 1982),265 (Yr 1983),265 (Yr 1968)
1982,266,1983,266,266 (Yr 1982),266 (Yr 1983),266 (Yr 1974)
1982,267,1983,267,267 (Yr 1982),267 (Yr 1983),267 (Yr 1977)
1982,268,1983,268,268 (Yr 1982),268 (Yr 1983),268 (Yr 1978)
1982,269,1983,269,269 (Yr 1982),269 (Yr 1983),269 (Yr 1971)
1982,270,1983,270,270 (Yr 1982),270 (Yr 1983),270 (Yr 1959)
1982,271,1983,271,271 (Yr 1982),271 (Yr 1983),271 (Yr 1949)
1982,272,1983,272,272 (Yr 1982),272 (Yr 1983),272 (Yr 1949)
1982,281,1983,281,281 (Yr 1982),281 (Yr 1983),281 (Yr 1949)
1982,290,1983,290,290 (Yr 1982),290 (Yr 1983),290 (Yr 1971)
1982,292,1983,292,292 (Yr 1982),292 (Yr 1983),292 (Yr 1971)
1982,294,1983,294,294 (Yr 1982),294 (Yr 1983),294 (Yr 1971)
1983,201,1984,201,201 (Yr 1983),201 (Yr 1984),201 (Yr 1938)
1983,202,1984,202,202 (Yr 1983),202 (Yr 1984),202 (Yr 1976)
1983,203,1984,203,203 (Yr 1983),203 (Yr 1984),203 (Yr 1977)
1983,204,1984,204,204 (Yr 1983),204 (Yr 1984),204 (Yr 1981)
1983,205,1984,205,205 (Yr 1983),205 (Yr 1984),205 (Yr 1980)
1983,206,1984,206,206 (Yr 1983),206 (Yr 1984),206 (Yr 1967)
1983,207,1984,207,207 (Yr 1983),207 (Yr 1984),207 (Yr 1969)
1983,208,1984,208,208 (Yr 1983),208 (Yr 1984),208 (Yr 1938)
1983,209,1984,209,209 (Yr 1983),209 (Yr 1984),209 (Yr 1938)
1983,210,1984,210,210 (Yr 1983),210 (Yr 1984),210 (Yr 1938)
1983,211,1984,211,211 (Yr 1983),211 (Yr 1984),211 (Yr 1980)
1983,212,1984,212,212 (Yr 1983),212 (Yr 1984),212 (Yr 1980)
1983,213,1984,213,213 (Yr 1983),213 (Yr 1984),213 (Yr 1982)
1983,214,1984,214,214 (Yr 1983),214 (Yr 1984),214 (Yr 1938)
1983,215,1984,215,215 (Yr 1983),215 (Yr 1984),215 (Yr 1938)
1983,216,1984,216,216 (Yr 1983),216 (Yr 1984),216 (Yr 1970)
1983,217,1984,217,217 (Yr 1983),217 (Yr 1984),217 (Yr 1938)
1983,218,1984,218,218 (Yr 1983),218 (Yr 1984),218 (Yr 1938)
1983,219,1984,219,219 (Yr 1983),219 (Yr 1984),219 (Yr 1980)
1983,220,1984,220,220 (Yr 1983),220 (Yr 1984),220 (Yr 1938)
1983,220,1984,220,220 (Yr 1983),220 (Yr 1984),220 (Yr 1938)
1983,221,1984,221,221 (Yr 1983),221 (Yr 1984),221 (Yr 1938)
1983,224,1984,224,224 (Yr 1983),224 (Yr 1984),224 (Yr 1972)
1983,225,1984,225,225 (Yr 1983),225 (Yr 1984),225 (Yr 1972)
1983,226,1984,226,226 (Yr 1983),226 (Yr 1984),226 (Yr 1970)
1983,227,1984,227,227 (Yr 1983),227 (Yr 1984),227 (Yr 1977)
1983,228,1984,228,228 (Yr 1983),228 (Yr 1984),228 (Yr 1979)
1983,245,1984,245,245 (Yr 1983),245 (Yr 1984),245 (Yr 1981)
1983,250,1984,250,250 (Yr 1983),250 (Yr 1984),250 (Yr 1969)
1983,261,1984,261,261 (Yr 1983),261 (Yr 1984),261 (Yr 1949)
1983,261a,1984,261a,261a (Yr 1983),261a (Yr 1984),261a (Yr 1976)
1983,261b,1984,261b,261b (Yr 1983),261b (Yr 1984),261b (Yr 1978)
1983,262,1984,262,262 (Yr 1983),262 (Yr 1984),262 (Yr 1949)
1983,263,1984,263,263 (Yr 1983),263 (Yr 1984),263 (Yr 1949)
1983,264,1984,264,264 (Yr 1983),264 (Yr 1984),264 (Yr 1967)
1983,264a,1984,264a,264a (Yr 1983),264a (Yr 1984),264a (Yr 1979)
1983,264b,1984,264b,264b (Yr 1983),264b (Yr 1984),264b (Yr 1980)
1983,265,1984,265,265 (Yr 1983),265 (Yr 1984),265 (Yr 1968)
1983,266,1984,266,266 (Yr 1983),266 (Yr 1984),266 (Yr 1974)
1983,267,1984,267,267 (Yr 1983),267 (Yr 1984),267 (Yr 1977)
1983,268,1984,268,268 (Yr 1983),268 (Yr 1984),268 (Yr 1978)
1983,269,1984,269,269 (Yr 1983),269 (Yr 1984),269 (Yr 1971)
1983,270,1984,270,270 (Yr 1983),270 (Yr 1984),270 (Yr 1959)
1983,271,1984,271,271 (Yr 1983),271 (Yr 1984),271 (Yr 1949)
1983,272,1984,272,272 (Yr 1983),272 (Yr 1984),272 (Yr 1949)
1983,281,1984,281,281 (Yr 1983),281 (Yr 1984),281 (Yr 1949)
1983,290,1984,NA,290 (Yr 1983),NA,290 (Yr 1971)
1983,292,1984,NA,292 (Yr 1983),NA,292 (Yr 1971)
1983,294,1984,NA,294 (Yr 1983),NA,294 (Yr 1971)
1984,201,1985,201,201 (Yr 1984),201 (Yr 1985),201 (Yr 1938)
1984,202,1985,202,202 (Yr 1984),202 (Yr 1985),202 (Yr 1976)
1984,203,1985,203,203 (Yr 1984),203 (Yr 1985),203 (Yr 1977)
1984,204,1985,204,204 (Yr 1984),204 (Yr 1985),204 (Yr 1981)
1984,205,1985,205,205 (Yr 1984),205 (Yr 1985),205 (Yr 1980)
1984,206,1985,206,206 (Yr 1984),206 (Yr 1985),206 (Yr 1967)
1984,207,1985,207,207 (Yr 1984),207 (Yr 1985),207 (Yr 1969)
1984,208,1985,208,208 (Yr 1984),208 (Yr 1985),208 (Yr 1938)
1984,209,1985,209,209 (Yr 1984),209 (Yr 1985),209 (Yr 1938)
1984,210,1985,210,210 (Yr 1984),210 (Yr 1985),210 (Yr 1938)
1984,211,1985,211,211 (Yr 1984),211 (Yr 1985),211 (Yr 1980)
1984,212,1985,212,212 (Yr 1984),212 (Yr 1985),212 (Yr 1980)
1984,213,1985,213,213 (Yr 1984),213 (Yr 1985),213 (Yr 1982)
1984,214,1985,214,214 (Yr 1984),214 (Yr 1985),214 (Yr 1938)
1984,215,1985,215,215 (Yr 1984),215 (Yr 1985),215 (Yr 1938)
1984,216,1985,216,216 (Yr 1984),216 (Yr 1985),216 (Yr 1970)
1984,217,1985,217,217 (Yr 1984),217 (Yr 1985),217 (Yr 1938)
1984,218,1985,218,218 (Yr 1984),218 (Yr 1985),218 (Yr 1938)
1984,219,1985,219,219 (Yr 1984),219 (Yr 1985),219 (Yr 1980)
1984,220,1985,220,220 (Yr 1984),220 (Yr 1985),220 (Yr 1938)
1984,220,1985,220,220 (Yr 1984),220 (Yr 1985),220 (Yr 1938)
1984,221,1985,221,221 (Yr 1984),221 (Yr 1985),221 (Yr 1938)
1984,224,1985,224,224 (Yr 1984),224 (Yr 1985),224 (Yr 1972)
1984,225,1985,225,225 (Yr 1984),225 (Yr 1985),225 (Yr 1972)
1984,226,1985,226,226 (Yr 1984),226 (Yr 1985),226 (Yr 1970)
1984,227,1985,227,227 (Yr 1984),227 (Yr 1985),227 (Yr 1977)
1984,228,1985,228,228 (Yr 1984),228 (Yr 1985),228 (Yr 1979)
1984,245,1985,245,245 (Yr 1984),245 (Yr 1985),245 (Yr 1981)
1984,250,1985,250,250 (Yr 1984),250 (Yr 1985),250 (Yr 1969)
1984,261,1985,261,261 (Yr 1984),261 (Yr 1985),261 (Yr 1949)
1984,261a,1985,261a,261a (Yr 1984),261a (Yr 1985),261a (Yr 1976)
1984,261b,1985,261b,261b (Yr 1984),261b (Yr 1985),261b (Yr 1978)
1984,262,1985,262,262 (Yr 1984),262 (Yr 1985),262 (Yr 1949)
1984,263,1985,263,263 (Yr 1984),263 (Yr 1985),263 (Yr 1949)
1984,264,1985,264,264 (Yr 1984),264 (Yr 1985),264 (Yr 1967)
1984,264a,1985,264a,264a (Yr 1984),264a (Yr 1985),264a (Yr 1979)
1984,264b,1985,264b,264b (Yr 1984),264b (Yr 1985),264b (Yr 1980)
1984,265,1985,265,265 (Yr 1984),265 (Yr 1985),265 (Yr 1968)
1984,266,1985,266,266 (Yr 1984),266 (Yr 1985),266 (Yr 1974)
1984,267,1985,267,267 (Yr 1984),267 (Yr 1985),267 (Yr 1977)
1984,268,1985,268,268 (Yr 1984),268 (Yr 1985),268 (Yr 1978)
1984,269,1985,269,269 (Yr 1984),269 (Yr 1985),269 (Yr 1971)
1984,269a,1985,269a,269a (Yr 1984),269a (Yr 1985),269a (Yr 1984)
1984,269b,1985,269b,269b (Yr 1984),269b (Yr 1985),269b (Yr 1984)
1984,270,1985,270,270 (Yr 1984),270 (Yr 1985),270 (Yr 1959)
1984,271,1985,271,271 (Yr 1984),271 (Yr 1985),271 (Yr 1949)
1984,272,1985,272,272 (Yr 1984),272 (Yr 1985),272 (Yr 1949)
1984,281,1985,281,281 (Yr 1984),281 (Yr 1985),281 (Yr 1949)
1985,201,1986,201,201 (Yr 1985),201 (Yr 1986),201 (Yr 1938)
1985,202,1986,202,202 (Yr 1985),202 (Yr 1986),202 (Yr 1976)
1985,203,1986,203,203 (Yr 1985),203 (Yr 1986),203 (Yr 1977)
1985,204,1986,204,204 (Yr 1985),204 (Yr 1986),204 (Yr 1981)
1985,205,1986,205,205 (Yr 1985),205 (Yr 1986),205 (Yr 1980)
1985,206,1986,206,206 (Yr 1985),206 (Yr 1986),206 (Yr 1967)
1985,207,1986,207,207 (Yr 1985),207 (Yr 1986),207 (Yr 1969)
1985,208,1986,208,208 (Yr 1985),208 (Yr 1986),208 (Yr 1938)
1985,209,1986,209,209 (Yr 1985),209 (Yr 1986),209 (Yr 1938)
1985,210,1986,210,210 (Yr 1985),210 (Yr 1986),210 (Yr 1938)
1985,211,1986,211,211 (Yr 1985),211 (Yr 1986),211 (Yr 1980)
1985,212,1986,212,212 (Yr 1985),212 (Yr 1986),212 (Yr 1980)
1985,213,1986,213,213 (Yr 1985),213 (Yr 1986),213 (Yr 1982)
1985,214,1986,214,214 (Yr 1985),214 (Yr 1986),214 (Yr 1938)
1985,215,1986,215,215 (Yr 1985),215 (Yr 1986),215 (Yr 1938)
1985,216,1986,216,216 (Yr 1985),216 (Yr 1986),216 (Yr 1970)
1985,217,1986,217,217 (Yr 1985),217 (Yr 1986),217 (Yr 1938)
1985,218,1986,218,218 (Yr 1985),218 (Yr 1986),218 (Yr 1938)
1985,219,1986,219,219 (Yr 1985),219 (Yr 1986),219 (Yr 1980)
1985,220,1986,220,220 (Yr 1985),220 (Yr 1986),220 (Yr 1938)
1985,221,1986,221,221 (Yr 1985),221 (Yr 1986),221 (Yr 1938)
1985,224,1986,224,224 (Yr 1985),224 (Yr 1986),224 (Yr 1972)
1985,225,1986,225,225 (Yr 1985),225 (Yr 1986),225 (Yr 1972)
1985,226,1986,226,226 (Yr 1985),226 (Yr 1986),226 (Yr 1970)
1985,227,1986,227,227 (Yr 1985),227 (Yr 1986),227 (Yr 1977)
1985,228,1986,228,228 (Yr 1985),228 (Yr 1986),228 (Yr 1979)
1985,245,1986,245,245 (Yr 1985),245 (Yr 1986),245 (Yr 1981)
1985,250,1986,250,250 (Yr 1985),250 (Yr 1986),250 (Yr 1969)
1985,261,1986,261,261 (Yr 1985),261 (Yr 1986),261 (Yr 1949)
1985,261a,1986,261a,261a (Yr 1985),261a (Yr 1986),261a (Yr 1976)
1985,261b,1986,261b,261b (Yr 1985),261b (Yr 1986),261b (Yr 1978)
1985,262,1986,262,262 (Yr 1985),262 (Yr 1986),262 (Yr 1949)
1985,263,1986,263,263 (Yr 1985),263 (Yr 1986),263 (Yr 1949)
1985,264,1986,264,264 (Yr 1985),264 (Yr 1986),264 (Yr 1967)
1985,264a,1986,264a,264a (Yr 1985),264a (Yr 1986),264a (Yr 1979)
1985,264b,1986,264b,264b (Yr 1985),264b (Yr 1986),264b (Yr 1980)
1985,265,1986,265,265 (Yr 1985),265 (Yr 1986),265 (Yr 1968)
1985,266,1986,266,266 (Yr 1985),266 (Yr 1986),266 (Yr 1974)
1985,267,1986,267,267 (Yr 1985),267 (Yr 1986),267 (Yr 1977)
1985,268,1986,268,268 (Yr 1985),268 (Yr 1986),268 (Yr 1978)
1985,269,1986,269,269 (Yr 1985),269 (Yr 1986),269 (Yr 1971)
1985,269a,1986,269a,269a (Yr 1985),269a (Yr 1986),269a (Yr 1984)
1985,269b,1986,269b,269b (Yr 1985),269b (Yr 1986),269b (Yr 1984)
1985,270,1986,270,270 (Yr 1985),270 (Yr 1986),270 (Yr 1959)
1985,271,1986,271,271 (Yr 1985),271 (Yr 1986),271 (Yr 1949)
1985,272,1986,272,272 (Yr 1985),272 (Yr 1986),272 (Yr 1949)
1985,281,1986,281,281 (Yr 1985),281 (Yr 1986),281 (Yr 1949)
1986,201,1987,201,201 (Yr 1986),201 (Yr 1987),201 (Yr 1938)
1986,202,1987,202,202 (Yr 1986),202 (Yr 1987),202 (Yr 1976)
1986,202a,1987,NA,202a (Yr 1986),NA,202a (Yr 1986)
1986,203,1987,203,203 (Yr 1986),203 (Yr 1987),203 (Yr 1977)
1986,204,1987,204,204 (Yr 1986),204 (Yr 1987),204 (Yr 1981)
1986,205,1987,205,205 (Yr 1986),205 (Yr 1987),205 (Yr 1980)
1986,206,1987,206,206 (Yr 1986),206 (Yr 1987),206 (Yr 1967)
1986,207,1987,207,207 (Yr 1986),207 (Yr 1987),207 (Yr 1969)
1986,208,1987,208,208 (Yr 1986),208 (Yr 1987),208 (Yr 1938)
1986,209,1987,209,209 (Yr 1986),209 (Yr 1987),209 (Yr 1938)
1986,210,1987,210,210 (Yr 1986),210 (Yr 1987),210 (Yr 1938)
1986,211,1987,211,211 (Yr 1986),211 (Yr 1987),211 (Yr 1980)
1986,212,1987,212,212 (Yr 1986),212 (Yr 1987),212 (Yr 1980)
1986,213,1987,213,213 (Yr 1986),213 (Yr 1987),213 (Yr 1982)
1986,214,1987,214,214 (Yr 1986),214 (Yr 1987),214 (Yr 1938)
1986,215,1987,215,215 (Yr 1986),215 (Yr 1987),215 (Yr 1938)
1986,216,1987,216,216 (Yr 1986),216 (Yr 1987),216 (Yr 1970)
1986,217,1987,217,217 (Yr 1986),217 (Yr 1987),217 (Yr 1938)
1986,218,1987,218,218 (Yr 1986),218 (Yr 1987),218 (Yr 1938)
1986,219,1987,219,219 (Yr 1986),219 (Yr 1987),219 (Yr 1980)
1986,220,1987,220,220 (Yr 1986),220 (Yr 1987),220 (Yr 1938)
1986,221,1987,221,221 (Yr 1986),221 (Yr 1987),221 (Yr 1938)
1986,224,1987,224,224 (Yr 1986),224 (Yr 1987),224 (Yr 1972)
1986,225,1987,225,225 (Yr 1986),225 (Yr 1987),225 (Yr 1972)
1986,226,1987,226,226 (Yr 1986),226 (Yr 1987),226 (Yr 1970)
1986,227,1987,227,227 (Yr 1986),227 (Yr 1987),227 (Yr 1977)
1986,228,1987,228,228 (Yr 1986),228 (Yr 1987),228 (Yr 1979)
1986,245,1987,245,245 (Yr 1986),245 (Yr 1987),245 (Yr 1981)
1986,250,1987,250,250 (Yr 1986),250 (Yr 1987),250 (Yr 1969)
1986,261,1987,261,261 (Yr 1986),261 (Yr 1987),261 (Yr 1949)
1986,261a,1987,261a,261a (Yr 1986),261a (Yr 1987),261a (Yr 1976)
1986,261b,1987,261b,261b (Yr 1986),261b (Yr 1987),261b (Yr 1978)
1986,262,1987,262,262 (Yr 1986),262 (Yr 1987),262 (Yr 1949)
1986,263,1987,263,263 (Yr 1986),263 (Yr 1987),263 (Yr 1949)
1986,264,1987,264,264 (Yr 1986),264 (Yr 1987),264 (Yr 1967)
1986,264a,1987,264a,264a (Yr 1986),264a (Yr 1987),264a (Yr 1979)
1986,264b,1987,264b,264b (Yr 1986),264b (Yr 1987),264b (Yr 1980)
1986,265,1987,265,265 (Yr 1986),265 (Yr 1987),265 (Yr 1968)
1986,266,1987,266,266 (Yr 1986),266 (Yr 1987),266 (Yr 1974)
1986,267,1987,267,267 (Yr 1986),267 (Yr 1987),267 (Yr 1977)
1986,268,1987,268,268 (Yr 1986),268 (Yr 1987),268 (Yr 1978)
1986,269,1987,269,269 (Yr 1986),269 (Yr 1987),269 (Yr 1971)
1986,269a,1987,269a,269a (Yr 1986),269a (Yr 1987),269a (Yr 1984)
1986,269b,1987,269b,269b (Yr 1986),269b (Yr 1987),269b (Yr 1984)
1986,270,1987,270,270 (Yr 1986),270 (Yr 1987),270 (Yr 1959)
1986,271,1987,271,271 (Yr 1986),271 (Yr 1987),271 (Yr 1949)
1986,272,1987,272,272 (Yr 1986),272 (Yr 1987),272 (Yr 1949)
1986,281,1987,281,281 (Yr 1986),281 (Yr 1987),281 (Yr 1949)
1987,201,1988,201,201 (Yr 1987),201 (Yr 1988),201 (Yr 1938)
1987,202,1988,202,202 (Yr 1987),202 (Yr 1988),202 (Yr 1976)
1987,203,1988,203,203 (Yr 1987),203 (Yr 1988),203 (Yr 1977)
1987,204,1988,204,204 (Yr 1987),204 (Yr 1988),204 (Yr 1981)
1987,205,1988,205,205 (Yr 1987),205 (Yr 1988),205 (Yr 1980)
1987,206,1988,NA,206 (Yr 1987),NA,206 (Yr 1967)
1987,207,1988,207,207 (Yr 1987),207 (Yr 1988),207 (Yr 1969)
1987,208,1988,208,208 (Yr 1987),208 (Yr 1988),208 (Yr 1938)
1987,209,1988,209,209 (Yr 1987),209 (Yr 1988),209 (Yr 1938)
1987,210,1988,210,210 (Yr 1987),210 (Yr 1988),210 (Yr 1938)
1987,211,1988,211,211 (Yr 1987),211 (Yr 1988),211 (Yr 1980)
1987,212,1988,212,212 (Yr 1987),212 (Yr 1988),212 (Yr 1980)
1987,213,1988,213,213 (Yr 1987),213 (Yr 1988),213 (Yr 1982)
1987,214,1988,214,214 (Yr 1987),214 (Yr 1988),214 (Yr 1938)
1987,215,1988,215,215 (Yr 1987),215 (Yr 1988),215 (Yr 1938)
1987,216,1988,216,216 (Yr 1987),216 (Yr 1988),216 (Yr 1970)
1987,217,1988,217,217 (Yr 1987),217 (Yr 1988),217 (Yr 1938)
1987,218,1988,218,218 (Yr 1987),218 (Yr 1988),218 (Yr 1938)
1987,219,1988,219,219 (Yr 1987),219 (Yr 1988),219 (Yr 1980)
1987,220,1988,220,220 (Yr 1987),220 (Yr 1988),220 (Yr 1938)
1987,221,1988,221,221 (Yr 1987),221 (Yr 1988),221 (Yr 1938)
1987,224,1988,224,224 (Yr 1987),224 (Yr 1988),224 (Yr 1972)
1987,225,1988,225,225 (Yr 1987),225 (Yr 1988),225 (Yr 1972)
1987,226,1988,226,226 (Yr 1987),226 (Yr 1988),226 (Yr 1970)
1987,227,1988,227,227 (Yr 1987),227 (Yr 1988),227 (Yr 1977)
1987,228,1988,228,228 (Yr 1987),228 (Yr 1988),228 (Yr 1979)
1987,245,1988,245,245 (Yr 1987),245 (Yr 1988),245 (Yr 1981)
1987,250,1988,250,250 (Yr 1987),250 (Yr 1988),250 (Yr 1969)
1987,261,1988,261,261 (Yr 1987),261 (Yr 1988),261 (Yr 1949)
1987,261a,1988,261a,261a (Yr 1987),261a (Yr 1988),261a (Yr 1976)
1987,261b,1988,261b,261b (Yr 1987),261b (Yr 1988),261b (Yr 1978)
1987,262,1988,262,262 (Yr 1987),262 (Yr 1988),262 (Yr 1949)
1987,263,1988,263,263 (Yr 1987),263 (Yr 1988),263 (Yr 1949)
1987,264,1988,264,264 (Yr 1987),264 (Yr 1988),264 (Yr 1967)
1987,264a,1988,264a,264a (Yr 1987),264a (Yr 1988),264a (Yr 1979)
1987,264b,1988,264b,264b (Yr 1987),264b (Yr 1988),264b (Yr 1980)
1987,265,1988,265,265 (Yr 1987),265 (Yr 1988),265 (Yr 1968)
1987,266,1988,266,266 (Yr 1987),266 (Yr 1988),266 (Yr 1974)
1987,267,1988,267,267 (Yr 1987),267 (Yr 1988),267 (Yr 1977)
1987,268,1988,268,268 (Yr 1987),268 (Yr 1988),268 (Yr 1978)
1987,269,1988,269,269 (Yr 1987),269 (Yr 1988),269 (Yr 1971)
1987,269a,1988,269a,269a (Yr 1987),269a (Yr 1988),269a (Yr 1984)
1987,269b,1988,269b,269b (Yr 1987),269b (Yr 1988),269b (Yr 1984)
1987,270,1988,270,270 (Yr 1987),270 (Yr 1988),270 (Yr 1959)
1987,271,1988,271,271 (Yr 1987),271 (Yr 1988),271 (Yr 1949)
1987,272,1988,272,272 (Yr 1987),272 (Yr 1988),272 (Yr 1949)
1987,281,1988,281,281 (Yr 1987),281 (Yr 1988),281 (Yr 1949)
1988,201,1989,201,201 (Yr 1988),201 (Yr 1989),201 (Yr 1938)
1988,202,1989,202,202 (Yr 1988),202 (Yr 1989),202 (Yr 1976)
1988,203,1989,203,203 (Yr 1988),203 (Yr 1989),203 (Yr 1977)
1988,204,1989,204,204 (Yr 1988),204 (Yr 1989),204 (Yr 1981)
1988,205,1989,205,205 (Yr 1988),205 (Yr 1989),205 (Yr 1980)
1988,207,1989,207,207 (Yr 1988),207 (Yr 1989),207 (Yr 1969)
1988,208,1989,208,208 (Yr 1988),208 (Yr 1989),208 (Yr 1938)
1988,209,1989,209,209 (Yr 1988),209 (Yr 1989),209 (Yr 1938)
1988,210,1989,210,210 (Yr 1988),210 (Yr 1989),210 (Yr 1938)
1988,211,1989,211,211 (Yr 1988),211 (Yr 1989),211 (Yr 1980)
1988,212,1989,212,212 (Yr 1988),212 (Yr 1989),212 (Yr 1980)
1988,213,1989,213,213 (Yr 1988),213 (Yr 1989),213 (Yr 1982)
1988,214,1989,214,214 (Yr 1988),214 (Yr 1989),214 (Yr 1938)
1988,215,1989,215,215 (Yr 1988),215 (Yr 1989),215 (Yr 1938)
1988,216,1989,216,216 (Yr 1988),216 (Yr 1989),216 (Yr 1970)
1988,217,1989,217,217 (Yr 1988),217 (Yr 1989),217 (Yr 1938)
1988,218,1989,218,218 (Yr 1988),218 (Yr 1989),218 (Yr 1938)
1988,219,1989,219,219 (Yr 1988),219 (Yr 1989),219 (Yr 1980)
1988,220,1989,220,220 (Yr 1988),220 (Yr 1989),220 (Yr 1938)
1988,221,1989,221,221 (Yr 1988),221 (Yr 1989),221 (Yr 1938)
1988,224,1989,224,224 (Yr 1988),224 (Yr 1989),224 (Yr 1972)
1988,225,1989,225,225 (Yr 1988),225 (Yr 1989),225 (Yr 1972)
1988,226,1989,226,226 (Yr 1988),226 (Yr 1989),226 (Yr 1970)
1988,227,1989,227,227 (Yr 1988),227 (Yr 1989),227 (Yr 1977)
1988,228,1989,228,228 (Yr 1988),228 (Yr 1989),228 (Yr 1979)
1988,245,1989,245,245 (Yr 1988),245 (Yr 1989),245 (Yr 1981)
1988,250,1989,250,250 (Yr 1988),250 (Yr 1989),250 (Yr 1969)
1988,261,1989,261,261 (Yr 1988),261 (Yr 1989),261 (Yr 1949)
1988,261a,1989,261a,261a (Yr 1988),261a (Yr 1989),261a (Yr 1976)
1988,261b,1989,261b,261b (Yr 1988),261b (Yr 1989),261b (Yr 1978)
1988,262,1989,262,262 (Yr 1988),262 (Yr 1989),262 (Yr 1949)
1988,263,1989,263,263 (Yr 1988),263 (Yr 1989),263 (Yr 1949)
1988,264,1989,264,264 (Yr 1988),264 (Yr 1989),264 (Yr 1967)
1988,264a,1989,264a,264a (Yr 1988),264a (Yr 1989),264a (Yr 1979)
1988,264b,1989,264b,264b (Yr 1988),264b (Yr 1989),264b (Yr 1980)
1988,265,1989,265,265 (Yr 1988),265 (Yr 1989),265 (Yr 1968)
1988,266,1989,266,266 (Yr 1988),266 (Yr 1989),266 (Yr 1974)
1988,267,1989,267,267 (Yr 1988),267 (Yr 1989),267 (Yr 1977)
1988,268,1989,268,268 (Yr 1988),268 (Yr 1989),268 (Yr 1978)
1988,269,1989,269,269 (Yr 1988),269 (Yr 1989),269 (Yr 1971)
1988,269a,1989,269a,269a (Yr 1988),269a (Yr 1989),269a (Yr 1984)
1988,269b,1989,269b,269b (Yr 1988),269b (Yr 1989),269b (Yr 1984)
1988,270,1989,270,270 (Yr 1988),270 (Yr 1989),270 (Yr 1959)
1988,271,1989,271,271 (Yr 1988),271 (Yr 1989),271 (Yr 1949)
1988,272,1989,272,272 (Yr 1988),272 (Yr 1989),272 (Yr 1949)
1988,281,1989,281,281 (Yr 1988),281 (Yr 1989),281 (Yr 1949)
1989,201,1990,201,201 (Yr 1989),201 (Yr 1990),201 (Yr 1938)
1989,202,1990,202,202 (Yr 1989),202 (Yr 1990),202 (Yr 1976)
1989,203,1990,203,203 (Yr 1989),203 (Yr 1990),203 (Yr 1977)
1989,204,1990,204,204 (Yr 1989),204 (Yr 1990),204 (Yr 1981)
1989,205,1990,205,205 (Yr 1989),205 (Yr 1990),205 (Yr 1980)
1989,207,1990,207,207 (Yr 1989),207 (Yr 1990),207 (Yr 1969)
1989,208,1990,208,208 (Yr 1989),208 (Yr 1990),208 (Yr 1938)
1989,209,1990,209,209 (Yr 1989),209 (Yr 1990),209 (Yr 1938)
1989,210,1990,210,210 (Yr 1989),210 (Yr 1990),210 (Yr 1938)
1989,211,1990,211,211 (Yr 1989),211 (Yr 1990),211 (Yr 1980)
1989,212,1990,212,212 (Yr 1989),212 (Yr 1990),212 (Yr 1980)
1989,213,1990,213,213 (Yr 1989),213 (Yr 1990),213 (Yr 1982)
1989,214,1990,214,214 (Yr 1989),214 (Yr 1990),214 (Yr 1938)
1989,215,1990,215,215 (Yr 1989),215 (Yr 1990),215 (Yr 1938)
1989,216,1990,216,216 (Yr 1989),216 (Yr 1990),216 (Yr 1970)
1989,217,1990,217,217 (Yr 1989),217 (Yr 1990),217 (Yr 1938)
1989,218,1990,218,218 (Yr 1989),218 (Yr 1990),218 (Yr 1938)
1989,219,1990,219,219 (Yr 1989),219 (Yr 1990),219 (Yr 1980)
1989,220,1990,220,220 (Yr 1989),220 (Yr 1990),220 (Yr 1938)
1989,221,1990,221,221 (Yr 1989),221 (Yr 1990),221 (Yr 1938)
1989,224,1990,224,224 (Yr 1989),224 (Yr 1990),224 (Yr 1972)
1989,225,1990,225,225 (Yr 1989),225 (Yr 1990),225 (Yr 1972)
1989,226,1990,226,226 (Yr 1989),226 (Yr 1990),226 (Yr 1970)
1989,227,1990,227,227 (Yr 1989),227 (Yr 1990),227 (Yr 1977)
1989,228,1990,228,228 (Yr 1989),228 (Yr 1990),228 (Yr 1979)
1989,229,1990,229,229 (Yr 1989),229 (Yr 1990),229 (Yr 1989)
1989,245,1990,245,245 (Yr 1989),245 (Yr 1990),245 (Yr 1981)
1989,250,1990,250,250 (Yr 1989),250 (Yr 1990),250 (Yr 1969)
1989,261,1990,261,261 (Yr 1989),261 (Yr 1990),261 (Yr 1949)
1989,261a,1990,261a,261a (Yr 1989),261a (Yr 1990),261a (Yr 1976)
1989,261b,1990,261b,261b (Yr 1989),261b (Yr 1990),261b (Yr 1978)
1989,262,1990,262,262 (Yr 1989),262 (Yr 1990),262 (Yr 1949)
1989,263,1990,263,263 (Yr 1989),263 (Yr 1990),263 (Yr 1949)
1989,264,1990,264,264 (Yr 1989),264 (Yr 1990),264 (Yr 1967)
1989,264a,1990,264a,264a (Yr 1989),264a (Yr 1990),264a (Yr 1979)
1989,264b,1990,264b,264b (Yr 1989),264b (Yr 1990),264b (Yr 1980)
1989,265,1990,265,265 (Yr 1989),265 (Yr 1990),265 (Yr 1968)
1989,266,1990,266,266 (Yr 1989),266 (Yr 1990),266 (Yr 1974)
1989,267,1990,267,267 (Yr 1989),267 (Yr 1990),267 (Yr 1977)
1989,268,1990,268,268 (Yr 1989),268 (Yr 1990),268 (Yr 1978)
1989,269,1990,269,269 (Yr 1989),269 (Yr 1990),269 (Yr 1971)
1989,269a,1990,269a,269a (Yr 1989),269a (Yr 1990),269a (Yr 1984)
1989,269b,1990,269b,269b (Yr 1989),269b (Yr 1990),269b (Yr 1984)
1989,270,1990,270,270 (Yr 1989),270 (Yr 1990),270 (Yr 1959)
1989,271,1990,271,271 (Yr 1989),271 (Yr 1990),271 (Yr 1949)
1989,272,1990,272,272 (Yr 1989),272 (Yr 1990),272 (Yr 1949)
1989,281,1990,281,281 (Yr 1989),281 (Yr 1990),281 (Yr 1949)
1990,201,1991,201,201 (Yr 1990),201 (Yr 1991),201 (Yr 1938)
1990,202,1991,202,202 (Yr 1990),202 (Yr 1991),202 (Yr 1976)
1990,203,1991,203,203 (Yr 1990),203 (Yr 1991),203 (Yr 1977)
1990,204,1991,204,204 (Yr 1990),204 (Yr 1991),204 (Yr 1981)
1990,205,1991,205,205 (Yr 1990),205 (Yr 1991),205 (Yr 1980)
1990,207,1991,207,207 (Yr 1990),207 (Yr 1991),207 (Yr 1969)
1990,208,1991,208,208 (Yr 1990),208 (Yr 1991),208 (Yr 1938)
1990,209,1991,209,209 (Yr 1990),209 (Yr 1991),209 (Yr 1938)
1990,210,1991,210,210 (Yr 1990),210 (Yr 1991),210 (Yr 1938)
1990,211,1991,211,211 (Yr 1990),211 (Yr 1991),211 (Yr 1980)
1990,212,1991,212,212 (Yr 1990),212 (Yr 1991),212 (Yr 1980)
1990,213,1991,213,213 (Yr 1990),213 (Yr 1991),213 (Yr 1982)
1990,214,1991,214,214 (Yr 1990),214 (Yr 1991),214 (Yr 1938)
1990,215,1991,215,215 (Yr 1990),215 (Yr 1991),215 (Yr 1938)
1990,216,1991,216,216 (Yr 1990),216 (Yr 1991),216 (Yr 1970)
1990,217,1991,217,217 (Yr 1990),217 (Yr 1991),217 (Yr 1938)
1990,218,1991,218,218 (Yr 1990),218 (Yr 1991),218 (Yr 1938)
1990,219,1991,219,219 (Yr 1990),219 (Yr 1991),219 (Yr 1980)
1990,220,1991,220,220 (Yr 1990),220 (Yr 1991),220 (Yr 1938)
1990,221,1991,221,221 (Yr 1990),221 (Yr 1991),221 (Yr 1938)
1990,224,1991,224,224 (Yr 1990),224 (Yr 1991),224 (Yr 1972)
1990,225,1991,225,225 (Yr 1990),225 (Yr 1991),225 (Yr 1972)
1990,226,1991,226,226 (Yr 1990),226 (Yr 1991),226 (Yr 1970)
1990,227,1991,227,227 (Yr 1990),227 (Yr 1991),227 (Yr 1977)
1990,228,1991,228,228 (Yr 1990),228 (Yr 1991),228 (Yr 1979)
1990,229,1991,229,229 (Yr 1990),229 (Yr 1991),229 (Yr 1989)
1990,245,1991,245,245 (Yr 1990),245 (Yr 1991),245 (Yr 1981)
1990,250,1991,250,250 (Yr 1990),250 (Yr 1991),250 (Yr 1969)
1990,261,1991,261,261 (Yr 1990),261 (Yr 1991),261 (Yr 1949)
1990,261a,1991,261a,261a (Yr 1990),261a (Yr 1991),261a (Yr 1976)
1990,261b,1991,261b,261b (Yr 1990),261b (Yr 1991),261b (Yr 1978)
1990,262,1991,262,262 (Yr 1990),262 (Yr 1991),262 (Yr 1949)
1990,263,1991,263,263 (Yr 1990),263 (Yr 1991),263 (Yr 1949)
1990,264,1991,264,264 (Yr 1990),264 (Yr 1991),264 (Yr 1967)
1990,264a,1991,264a,264a (Yr 1990),264a (Yr 1991),264a (Yr 1979)
1990,264b,1991,264b,264b (Yr 1990),264b (Yr 1991),264b (Yr 1980)
1990,265,1991,265,265 (Yr 1990),265 (Yr 1991),265 (Yr 1968)
1990,266,1991,266,266 (Yr 1990),266 (Yr 1991),266 (Yr 1974)
1990,267,1991,267,267 (Yr 1990),267 (Yr 1991),267 (Yr 1977)
1990,268,1991,268,268 (Yr 1990),268 (Yr 1991),268 (Yr 1978)
1990,269,1991,269,269 (Yr 1990),269 (Yr 1991),269 (Yr 1971)
1990,269a,1991,269a,269a (Yr 1990),269a (Yr 1991),269a (Yr 1984)
1990,269b,1991,269b,269b (Yr 1990),269b (Yr 1991),269b (Yr 1984)
1990,270,1991,270,270 (Yr 1990),270 (Yr 1991),270 (Yr 1959)
1990,271,1991,271,271 (Yr 1990),271 (Yr 1991),271 (Yr 1949)
1990,272,1991,272,272 (Yr 1990),272 (Yr 1991),272 (Yr 1949)
1990,281,1991,281,281 (Yr 1990),281 (Yr 1991),281 (Yr 1949)
1991,201,1992,201,201 (Yr 1991),201 (Yr 1992),201 (Yr 1938)
1991,202,1992,202,202 (Yr 1991),202 (Yr 1992),202 (Yr 1976)
1991,203,1992,203,203 (Yr 1991),203 (Yr 1992),203 (Yr 1977)
1991,204,1992,204,204 (Yr 1991),204 (Yr 1992),204 (Yr 1981)
1991,205,1992,205,205 (Yr 1991),205 (Yr 1992),205 (Yr 1980)
1991,207,1992,207,207 (Yr 1991),207 (Yr 1992),207 (Yr 1969)
1991,208,1992,208,208 (Yr 1991),208 (Yr 1992),208 (Yr 1938)
1991,209,1992,209,209 (Yr 1991),209 (Yr 1992),209 (Yr 1938)
1991,210,1992,210,210 (Yr 1991),210 (Yr 1992),210 (Yr 1938)
1991,211,1992,211,211 (Yr 1991),211 (Yr 1992),211 (Yr 1980)
1991,212,1992,212,212 (Yr 1991),212 (Yr 1992),212 (Yr 1980)
1991,213,1992,213,213 (Yr 1991),213 (Yr 1992),213 (Yr 1982)
1991,214,1992,214,214 (Yr 1991),214 (Yr 1992),214 (Yr 1938)
1991,215,1992,215,215 (Yr 1991),215 (Yr 1992),215 (Yr 1938)
1991,216,1992,NA,216 (Yr 1991),NA,216 (Yr 1970)
1991,217,1992,217,217 (Yr 1991),217 (Yr 1992),217 (Yr 1938)
1991,218,1992,218,218 (Yr 1991),218 (Yr 1992),218 (Yr 1938)
1991,219,1992,219,219 (Yr 1991),219 (Yr 1992),219 (Yr 1980)
1991,220,1992,220,220 (Yr 1991),220 (Yr 1992),220 (Yr 1938)
1991,221,1992,221,221 (Yr 1991),221 (Yr 1992),221 (Yr 1938)
1991,224,1992,224,224 (Yr 1991),224 (Yr 1992),224 (Yr 1972)
1991,225,1992,225,225 (Yr 1991),225 (Yr 1992),225 (Yr 1972)
1991,226,1992,226,226 (Yr 1991),226 (Yr 1992),226 (Yr 1970)
1991,227,1992,227,227 (Yr 1991),227 (Yr 1992),227 (Yr 1977)
1991,228,1992,228,228 (Yr 1991),228 (Yr 1992),228 (Yr 1979)
1991,229,1992,229,229 (Yr 1991),229 (Yr 1992),229 (Yr 1989)
1991,245,1992,245,245 (Yr 1991),245 (Yr 1992),245 (Yr 1981)
1991,250,1992,250,250 (Yr 1991),250 (Yr 1992),250 (Yr 1969)
1991,261,1992,261,261 (Yr 1991),261 (Yr 1992),261 (Yr 1949)
1991,261a,1992,261a,261a (Yr 1991),261a (Yr 1992),261a (Yr 1976)
1991,261b,1992,261b,261b (Yr 1991),261b (Yr 1992),261b (Yr 1978)
1991,262,1992,262,262 (Yr 1991),262 (Yr 1992),262 (Yr 1949)
1991,263,1992,263,263 (Yr 1991),263 (Yr 1992),263 (Yr 1949)
1991,264,1992,264,264 (Yr 1991),264 (Yr 1992),264 (Yr 1967)
1991,264a,1992,264a,264a (Yr 1991),264a (Yr 1992),264a (Yr 1979)
1991,264b,1992,264b,264b (Yr 1991),264b (Yr 1992),264b (Yr 1980)
1991,265,1992,265,265 (Yr 1991),265 (Yr 1992),265 (Yr 1968)
1991,266,1992,266,266 (Yr 1991),266 (Yr 1992),266 (Yr 1974)
1991,267,1992,267,267 (Yr 1991),267 (Yr 1992),267 (Yr 1977)
1991,268,1992,268,268 (Yr 1991),268 (Yr 1992),268 (Yr 1978)
1991,269,1992,269,269 (Yr 1991),269 (Yr 1992),269 (Yr 1971)
1991,269a,1992,269a,269a (Yr 1991),269a (Yr 1992),269a (Yr 1984)
1991,269b,1992,269b,269b (Yr 1991),269b (Yr 1992),269b (Yr 1984)
1991,270,1992,270,270 (Yr 1991),270 (Yr 1992),270 (Yr 1959)
1991,271,1992,271,271 (Yr 1991),271 (Yr 1992),271 (Yr 1949)
1991,272,1992,272,272 (Yr 1991),272 (Yr 1992),272 (Yr 1949)
1991,281,1992,281,281 (Yr 1991),281 (Yr 1992),281 (Yr 1949)
1992,201,1993,201,201 (Yr 1992),201 (Yr 1993),201 (Yr 1938)
1992,202,1993,202,202 (Yr 1992),202 (Yr 1993),202 (Yr 1976)
1992,203,1993,203,203 (Yr 1992),203 (Yr 1993),203 (Yr 1977)
1992,204,1993,204,204 (Yr 1992),204 (Yr 1993),204 (Yr 1981)
1992,205,1993,205,205 (Yr 1992),205 (Yr 1993),205 (Yr 1980)
1992,207,1993,207,207 (Yr 1992),207 (Yr 1993),207 (Yr 1969)
1992,208,1993,208,208 (Yr 1992),208 (Yr 1993),208 (Yr 1938)
1992,209,1993,209,209 (Yr 1992),209 (Yr 1993),209 (Yr 1938)
1992,210,1993,210,210 (Yr 1992),210 (Yr 1993),210 (Yr 1938)
1992,211,1993,211,211 (Yr 1992),211 (Yr 1993),211 (Yr 1980)
1992,212,1993,212,212 (Yr 1992),212 (Yr 1993),212 (Yr 1980)
1992,213,1993,213,213 (Yr 1992),213 (Yr 1993),213 (Yr 1982)
1992,214,1993,214,214 (Yr 1992),214 (Yr 1993),214 (Yr 1938)
1992,215,1993,215,215 (Yr 1992),215 (Yr 1993),215 (Yr 1938)
1992,216,1993,216,216 (Yr 1992),216 (Yr 1993),216 (Yr 1992)
1992,217,1993,NA,217 (Yr 1992),NA,217 (Yr 1938)
1992,218,1993,218,218 (Yr 1992),218 (Yr 1993),218 (Yr 1938)
1992,219,1993,219,219 (Yr 1992),219 (Yr 1993),219 (Yr 1980)
1992,220,1993,220,220 (Yr 1992),220 (Yr 1993),220 (Yr 1938)
1992,221,1993,221,221 (Yr 1992),221 (Yr 1993),221 (Yr 1938)
1992,224,1993,224,224 (Yr 1992),224 (Yr 1993),224 (Yr 1972)
1992,225,1993,225,225 (Yr 1992),225 (Yr 1993),225 (Yr 1972)
1992,226,1993,226,226 (Yr 1992),226 (Yr 1993),226 (Yr 1970)
1992,227,1993,227,227 (Yr 1992),227 (Yr 1993),227 (Yr 1977)
1992,228,1993,228,228 (Yr 1992),228 (Yr 1993),228 (Yr 1979)
1992,229,1993,229,229 (Yr 1992),229 (Yr 1993),229 (Yr 1989)
1992,245,1993,245,245 (Yr 1992),245 (Yr 1993),245 (Yr 1981)
1992,250,1993,250,250 (Yr 1992),250 (Yr 1993),250 (Yr 1969)
1992,261,1993,261,261 (Yr 1992),261 (Yr 1993),261 (Yr 1949)
1992,261a,1993,261a,261a (Yr 1992),261a (Yr 1993),261a (Yr 1976)
1992,261b,1993,261b,261b (Yr 1992),261b (Yr 1993),261b (Yr 1978)
1992,262,1993,262,262 (Yr 1992),262 (Yr 1993),262 (Yr 1949)
1992,263,1993,263,263 (Yr 1992),263 (Yr 1993),263 (Yr 1949)
1992,264,1993,264,264 (Yr 1992),264 (Yr 1993),264 (Yr 1967)
1992,264a,1993,264a,264a (Yr 1992),264a (Yr 1993),264a (Yr 1979)
1992,264b,1993,264b,264b (Yr 1992),264b (Yr 1993),264b (Yr 1980)
1992,265,1993,265,265 (Yr 1992),265 (Yr 1993),265 (Yr 1968)
1992,266,1993,266,266 (Yr 1992),266 (Yr 1993),266 (Yr 1974)
1992,267,1993,267,267 (Yr 1992),267 (Yr 1993),267 (Yr 1977)
1992,268,1993,268,268 (Yr 1992),268 (Yr 1993),268 (Yr 1978)
1992,269,1993,269,269 (Yr 1992),269 (Yr 1993),269 (Yr 1971)
1992,269a,1993,269a,269a (Yr 1992),269a (Yr 1993),269a (Yr 1984)
1992,269b,1993,269b,269b (Yr 1992),269b (Yr 1993),269b (Yr 1984)
1992,270,1993,270,270 (Yr 1992),270 (Yr 1993),270 (Yr 1959)
1992,271,1993,271,271 (Yr 1992),271 (Yr 1993),271 (Yr 1949)
1992,272,1993,272,272 (Yr 1992),272 (Yr 1993),272 (Yr 1949)
1992,281,1993,281,281 (Yr 1992),281 (Yr 1993),281 (Yr 1949)
1993,201,1994,201,201 (Yr 1993),201 (Yr 1994),201 (Yr 1938)
1993,202,1994,202,202 (Yr 1993),202 (Yr 1994),202 (Yr 1976)
1993,203,1994,203,203 (Yr 1993),203 (Yr 1994),203 (Yr 1977)
1993,204,1994,204,204 (Yr 1993),204 (Yr 1994),204 (Yr 1981)
1993,205,1994,205,205 (Yr 1993),205 (Yr 1994),205 (Yr 1980)
1993,206,1994,206,206 (Yr 1993),206 (Yr 1994),206 (Yr 1993)
1993,207,1994,207,207 (Yr 1993),207 (Yr 1994),207 (Yr 1969)
1993,208,1994,208,208 (Yr 1993),208 (Yr 1994),208 (Yr 1938)
1993,209,1994,209,209 (Yr 1993),209 (Yr 1994),209 (Yr 1938)
1993,210,1994,210,210 (Yr 1993),210 (Yr 1994),210 (Yr 1938)
1993,211,1994,211,211 (Yr 1993),211 (Yr 1994),211 (Yr 1980)
1993,212,1994,212,212 (Yr 1993),212 (Yr 1994),212 (Yr 1980)
1993,213,1994,213,213 (Yr 1993),213 (Yr 1994),213 (Yr 1982)
1993,214,1994,214,214 (Yr 1993),214 (Yr 1994),214 (Yr 1938)
1993,215,1994,215,215 (Yr 1993),215 (Yr 1994),215 (Yr 1938)
1993,216,1994,216,216 (Yr 1993),216 (Yr 1994),216 (Yr 1992)
1993,217,1994,217,217 (Yr 1993),217 (Yr 1994),217 (Yr 1993)
1993,218,1994,218,218 (Yr 1993),218 (Yr 1994),218 (Yr 1938)
1993,219,1994,219,219 (Yr 1993),219 (Yr 1994),219 (Yr 1980)
1993,220,1994,220,220 (Yr 1993),220 (Yr 1994),220 (Yr 1938)
1993,221,1994,221,221 (Yr 1993),221 (Yr 1994),221 (Yr 1938)
1993,224,1994,224,224 (Yr 1993),224 (Yr 1994),224 (Yr 1972)
1993,225,1994,225,225 (Yr 1993),225 (Yr 1994),225 (Yr 1972)
1993,226,1994,226,226 (Yr 1993),226 (Yr 1994),226 (Yr 1970)
1993,227,1994,227,227 (Yr 1993),227 (Yr 1994),227 (Yr 1977)
1993,228,1994,228,228 (Yr 1993),228 (Yr 1994),228 (Yr 1979)
1993,229,1994,229,229 (Yr 1993),229 (Yr 1994),229 (Yr 1989)
1993,230,1994,230,230 (Yr 1993),230 (Yr 1994),230 (Yr 1993)
1993,245,1994,245,245 (Yr 1993),245 (Yr 1994),245 (Yr 1981)
1993,250,1994,250,250 (Yr 1993),250 (Yr 1994),250 (Yr 1969)
1993,261,1994,261,261 (Yr 1993),261 (Yr 1994),261 (Yr 1949)
1993,261a,1994,261a,261a (Yr 1993),261a (Yr 1994),261a (Yr 1976)
1993,261b,1994,261b,261b (Yr 1993),261b (Yr 1994),261b (Yr 1978)
1993,262,1994,262,262 (Yr 1993),262 (Yr 1994),262 (Yr 1949)
1993,263,1994,263,263 (Yr 1993),263 (Yr 1994),263 (Yr 1949)
1993,264,1994,264,264 (Yr 1993),264 (Yr 1994),264 (Yr 1967)
1993,264a,1994,264a,264a (Yr 1993),264a (Yr 1994),264a (Yr 1979)
1993,264b,1994,264b,264b (Yr 1993),264b (Yr 1994),264b (Yr 1980)
1993,265,1994,265,265 (Yr 1993),265 (Yr 1994),265 (Yr 1968)
1993,266,1994,266,266 (Yr 1993),266 (Yr 1994),266 (Yr 1974)
1993,267,1994,267,267 (Yr 1993),267 (Yr 1994),267 (Yr 1977)
1993,268,1994,268,268 (Yr 1993),268 (Yr 1994),268 (Yr 1978)
1993,269,1994,269,269 (Yr 1993),269 (Yr 1994),269 (Yr 1971)
1993,269a,1994,269a,269a (Yr 1993),269a (Yr 1994),269a (Yr 1984)
1993,269b,1994,269b,269b (Yr 1993),269b (Yr 1994),269b (Yr 1984)
1993,270,1994,270,270 (Yr 1993),270 (Yr 1994),270 (Yr 1959)
1993,271,1994,271,271 (Yr 1993),271 (Yr 1994),271 (Yr 1949)
1993,272,1994,272,272 (Yr 1993),272 (Yr 1994),272 (Yr 1949)
1993,281,1994,281,281 (Yr 1993),281 (Yr 1994),281 (Yr 1949)
1994,201,1995,201,201 (Yr 1994),201 (Yr 1995),201 (Yr 1938)
1994,202,1995,202,202 (Yr 1994),202 (Yr 1995),202 (Yr 1976)
1994,203,1995,203,203 (Yr 1994),203 (Yr 1995),203 (Yr 1977)
1994,204,1995,204,204 (Yr 1994),204 (Yr 1995),204 (Yr 1981)
1994,205,1995,205,205 (Yr 1994),205 (Yr 1995),205 (Yr 1980)
1994,206,1995,206,206 (Yr 1994),206 (Yr 1995),206 (Yr 1993)
1994,207,1995,207,207 (Yr 1994),207 (Yr 1995),207 (Yr 1969)
1994,208,1995,208,208 (Yr 1994),208 (Yr 1995),208 (Yr 1938)
1994,209,1995,209,209 (Yr 1994),209 (Yr 1995),209 (Yr 1938)
1994,210,1995,210,210 (Yr 1994),210 (Yr 1995),210 (Yr 1938)
1994,211,1995,211,211 (Yr 1994),211 (Yr 1995),211 (Yr 1980)
1994,212,1995,212,212 (Yr 1994),212 (Yr 1995),212 (Yr 1980)
1994,213,1995,213,213 (Yr 1994),213 (Yr 1995),213 (Yr 1982)
1994,214,1995,214,214 (Yr 1994),214 (Yr 1995),214 (Yr 1938)
1994,215,1995,215,215 (Yr 1994),215 (Yr 1995),215 (Yr 1938)
1994,216,1995,216,216 (Yr 1994),216 (Yr 1995),216 (Yr 1992)
1994,217,1995,217,217 (Yr 1994),217 (Yr 1995),217 (Yr 1993)
1994,218,1995,218,218 (Yr 1994),218 (Yr 1995),218 (Yr 1938)
1994,219,1995,219,219 (Yr 1994),219 (Yr 1995),219 (Yr 1980)
1994,220,1995,220,220 (Yr 1994),220 (Yr 1995),220 (Yr 1938)
1994,221,1995,221,221 (Yr 1994),221 (Yr 1995),221 (Yr 1938)
1994,224,1995,224,224 (Yr 1994),224 (Yr 1995),224 (Yr 1972)
1994,225,1995,225,225 (Yr 1994),225 (Yr 1995),225 (Yr 1972)
1994,226,1995,226,226 (Yr 1994),226 (Yr 1995),226 (Yr 1970)
1994,227,1995,227,227 (Yr 1994),227 (Yr 1995),227 (Yr 1977)
1994,228,1995,228,228 (Yr 1994),228 (Yr 1995),228 (Yr 1979)
1994,229,1995,229,229 (Yr 1994),229 (Yr 1995),229 (Yr 1989)
1994,230,1995,230,230 (Yr 1994),230 (Yr 1995),230 (Yr 1993)
1994,245,1995,245,245 (Yr 1994),245 (Yr 1995),245 (Yr 1981)
1994,250,1995,250,250 (Yr 1994),250 (Yr 1995),250 (Yr 1969)
1994,261,1995,261,261 (Yr 1994),261 (Yr 1995),261 (Yr 1949)
1994,261a,1995,261a,261a (Yr 1994),261a (Yr 1995),261a (Yr 1976)
1994,261b,1995,261b,261b (Yr 1994),261b (Yr 1995),261b (Yr 1978)
1994,262,1995,262,262 (Yr 1994),262 (Yr 1995),262 (Yr 1949)
1994,263,1995,263,263 (Yr 1994),263 (Yr 1995),263 (Yr 1949)
1994,264,1995,264,264 (Yr 1994),264 (Yr 1995),264 (Yr 1967)
1994,264a,1995,264a,264a (Yr 1994),264a (Yr 1995),264a (Yr 1979)
1994,264b,1995,264b,264b (Yr 1994),264b (Yr 1995),264b (Yr 1980)
1994,265,1995,265,265 (Yr 1994),265 (Yr 1995),265 (Yr 1968)
1994,266,1995,266,266 (Yr 1994),266 (Yr 1995),266 (Yr 1974)
1994,267,1995,267,267 (Yr 1994),267 (Yr 1995),267 (Yr 1977)
1994,268,1995,268,268 (Yr 1994),268 (Yr 1995),268 (Yr 1978)
1994,269,1995,269,269 (Yr 1994),269 (Yr 1995),269 (Yr 1971)
1994,269a,1995,269a,269a (Yr 1994),269a (Yr 1995),269a (Yr 1984)
1994,269b,1995,269b,269b (Yr 1994),269b (Yr 1995),269b (Yr 1984)
1994,270,1995,270,270 (Yr 1994),270 (Yr 1995),270 (Yr 1959)
1994,271,1995,271,271 (Yr 1994),271 (Yr 1995),271 (Yr 1949)
1994,272,1995,272,272 (Yr 1994),272 (Yr 1995),272 (Yr 1949)
1994,281,1995,281,281 (Yr 1994),281 (Yr 1995),281 (Yr 1949)
1995,201,1996,201,201 (Yr 1995),201 (Yr 1996),201 (Yr 1938)
1995,202,1996,202,202 (Yr 1995),202 (Yr 1996),202 (Yr 1976)
1995,203,1996,203,203 (Yr 1995),203 (Yr 1996),203 (Yr 1977)
1995,204,1996,204,204 (Yr 1995),204 (Yr 1996),204 (Yr 1981)
1995,205,1996,205,205 (Yr 1995),205 (Yr 1996),205 (Yr 1980)
1995,206,1996,206,206 (Yr 1995),206 (Yr 1996),206 (Yr 1993)
1995,207,1996,207,207 (Yr 1995),207 (Yr 1996),207 (Yr 1969)
1995,208,1996,208,208 (Yr 1995),208 (Yr 1996),208 (Yr 1938)
1995,209,1996,209,209 (Yr 1995),209 (Yr 1996),209 (Yr 1938)
1995,210,1996,210,210 (Yr 1995),210 (Yr 1996),210 (Yr 1938)
1995,211,1996,211,211 (Yr 1995),211 (Yr 1996),211 (Yr 1980)
1995,212,1996,212,212 (Yr 1995),212 (Yr 1996),212 (Yr 1980)
1995,213,1996,213,213 (Yr 1995),213 (Yr 1996),213 (Yr 1982)
1995,214,1996,214,214 (Yr 1995),214 (Yr 1996),214 (Yr 1938)
1995,215,1996,215,215 (Yr 1995),215 (Yr 1996),215 (Yr 1938)
1995,216,1996,216,216 (Yr 1995),216 (Yr 1996),216 (Yr 1992)
1995,217,1996,217,217 (Yr 1995),217 (Yr 1996),217 (Yr 1993)
1995,218,1996,218,218 (Yr 1995),218 (Yr 1996),218 (Yr 1938)
1995,219,1996,219,219 (Yr 1995),219 (Yr 1996),219 (Yr 1980)
1995,220,1996,220,220 (Yr 1995),220 (Yr 1996),220 (Yr 1938)
1995,221,1996,221,221 (Yr 1995),221 (Yr 1996),221 (Yr 1938)
1995,224,1996,224,224 (Yr 1995),224 (Yr 1996),224 (Yr 1972)
1995,225,1996,225,225 (Yr 1995),225 (Yr 1996),225 (Yr 1972)
1995,226,1996,226,226 (Yr 1995),226 (Yr 1996),226 (Yr 1970)
1995,227,1996,227,227 (Yr 1995),227 (Yr 1996),227 (Yr 1977)
1995,228,1996,228,228 (Yr 1995),228 (Yr 1996),228 (Yr 1979)
1995,229,1996,229,229 (Yr 1995),229 (Yr 1996),229 (Yr 1989)
1995,230,1996,230,230 (Yr 1995),230 (Yr 1996),230 (Yr 1993)
1995,245,1996,245,245 (Yr 1995),245 (Yr 1996),245 (Yr 1981)
1995,250,1996,250,250 (Yr 1995),250 (Yr 1996),250 (Yr 1969)
1995,261,1996,NA,261 (Yr 1995),NA,261 (Yr 1949)
1995,261a,1996,261a,261a (Yr 1995),261a (Yr 1996),261a (Yr 1976)
1995,261b,1996,261b,261b (Yr 1995),261b (Yr 1996),261b (Yr 1978)
1995,262,1996,262,262 (Yr 1995),262 (Yr 1996),262 (Yr 1949)
1995,263,1996,263,263 (Yr 1995),263 (Yr 1996),263 (Yr 1949)
1995,264,1996,264,264 (Yr 1995),264 (Yr 1996),264 (Yr 1967)
1995,264a,1996,264a,264a (Yr 1995),264a (Yr 1996),264a (Yr 1979)
1995,264b,1996,264b,264b (Yr 1995),264b (Yr 1996),264b (Yr 1980)
1995,265,1996,265,265 (Yr 1995),265 (Yr 1996),265 (Yr 1968)
1995,266,1996,266,266 (Yr 1995),266 (Yr 1996),266 (Yr 1974)
1995,267,1996,267,267 (Yr 1995),267 (Yr 1996),267 (Yr 1977)
1995,268,1996,268,268 (Yr 1995),268 (Yr 1996),268 (Yr 1978)
1995,269,1996,269,269 (Yr 1995),269 (Yr 1996),269 (Yr 1971)
1995,269a,1996,269a,269a (Yr 1995),269a (Yr 1996),269a (Yr 1984)
1995,269b,1996,269b,269b (Yr 1995),269b (Yr 1996),269b (Yr 1984)
1995,270,1996,270,270 (Yr 1995),270 (Yr 1996),270 (Yr 1959)
1995,271,1996,271,271 (Yr 1995),271 (Yr 1996),271 (Yr 1949)
1995,272,1996,272,272 (Yr 1995),272 (Yr 1996),272 (Yr 1949)
1995,281,1996,281,281 (Yr 1995),281 (Yr 1996),281 (Yr 1949)
1996,201,1997,201,201 (Yr 1996),201 (Yr 1997),201 (Yr 1938)
1996,202,1997,202,202 (Yr 1996),202 (Yr 1997),202 (Yr 1976)
1996,203,1997,203,203 (Yr 1996),203 (Yr 1997),203 (Yr 1977)
1996,204,1997,204,204 (Yr 1996),204 (Yr 1997),204 (Yr 1981)
1996,205,1997,205,205 (Yr 1996),205 (Yr 1997),205 (Yr 1980)
1996,206,1997,206,206 (Yr 1996),206 (Yr 1997),206 (Yr 1993)
1996,207,1997,207,207 (Yr 1996),207 (Yr 1997),207 (Yr 1969)
1996,208,1997,208,208 (Yr 1996),208 (Yr 1997),208 (Yr 1938)
1996,209,1997,209,209 (Yr 1996),209 (Yr 1997),209 (Yr 1938)
1996,210,1997,210,210 (Yr 1996),210 (Yr 1997),210 (Yr 1938)
1996,211,1997,211,211 (Yr 1996),211 (Yr 1997),211 (Yr 1980)
1996,212,1997,212,212 (Yr 1996),212 (Yr 1997),212 (Yr 1980)
1996,213,1997,213,213 (Yr 1996),213 (Yr 1997),213 (Yr 1982)
1996,214,1997,214,214 (Yr 1996),214 (Yr 1997),214 (Yr 1938)
1996,215,1997,215,215 (Yr 1996),215 (Yr 1997),215 (Yr 1938)
1996,216,1997,216,216 (Yr 1996),216 (Yr 1997),216 (Yr 1992)
1996,217,1997,217,217 (Yr 1996),217 (Yr 1997),217 (Yr 1993)
1996,218,1997,NA,218 (Yr 1996),NA,218 (Yr 1938)
1996,219,1997,219,219 (Yr 1996),219 (Yr 1997),219 (Yr 1980)
1996,220,1997,220,220 (Yr 1996),220 (Yr 1997),220 (Yr 1938)
1996,221,1997,221,221 (Yr 1996),221 (Yr 1997),221 (Yr 1938)
1996,224,1997,224,224 (Yr 1996),224 (Yr 1997),224 (Yr 1972)
1996,225,1997,225,225 (Yr 1996),225 (Yr 1997),225 (Yr 1972)
1996,226,1997,226,226 (Yr 1996),226 (Yr 1997),226 (Yr 1970)
1996,227,1997,227,227 (Yr 1996),227 (Yr 1997),227 (Yr 1977)
1996,228,1997,228,228 (Yr 1996),228 (Yr 1997),228 (Yr 1979)
1996,229,1997,229,229 (Yr 1996),229 (Yr 1997),229 (Yr 1989)
1996,230,1997,230,230 (Yr 1996),230 (Yr 1997),230 (Yr 1993)
1996,231,1997,231,231 (Yr 1996),231 (Yr 1997),231 (Yr 1996)
1996,245,1997,NA,245 (Yr 1996),NA,245 (Yr 1981)
1996,250,1997,250,250 (Yr 1996),250 (Yr 1997),250 (Yr 1969)
1996,261a,1997,261a,261a (Yr 1996),261a (Yr 1997),261a (Yr 1976)
1996,261b,1997,261b,261b (Yr 1996),261b (Yr 1997),261b (Yr 1978)
1996,262,1997,262,262 (Yr 1996),262 (Yr 1997),262 (Yr 1949)
1996,263,1997,263,263 (Yr 1996),263 (Yr 1997),263 (Yr 1949)
1996,264,1997,264,264 (Yr 1996),264 (Yr 1997),264 (Yr 1967)
1996,264a,1997,264a,264a (Yr 1996),264a (Yr 1997),264a (Yr 1979)
1996,264b,1997,264b,264b (Yr 1996),264b (Yr 1997),264b (Yr 1980)
1996,265,1997,265,265 (Yr 1996),265 (Yr 1997),265 (Yr 1968)
1996,266,1997,266,266 (Yr 1996),266 (Yr 1997),266 (Yr 1974)
1996,267,1997,267,267 (Yr 1996),267 (Yr 1997),267 (Yr 1977)
1996,268,1997,268,268 (Yr 1996),268 (Yr 1997),268 (Yr 1978)
1996,269,1997,269,269 (Yr 1996),269 (Yr 1997),269 (Yr 1971)
1996,269a,1997,269a,269a (Yr 1996),269a (Yr 1997),269a (Yr 1984)
1996,269b,1997,269b,269b (Yr 1996),269b (Yr 1997),269b (Yr 1984)
1996,270,1997,270,270 (Yr 1996),270 (Yr 1997),270 (Yr 1959)
1996,271,1997,271,271 (Yr 1996),271 (Yr 1997),271 (Yr 1949)
1996,272,1997,272,272 (Yr 1996),272 (Yr 1997),272 (Yr 1949)
1996,281,1997,281,281 (Yr 1996),281 (Yr 1997),281 (Yr 1949)
1997,201,NA,NA,201 (Yr 1997),NA,201 (Yr 1938)
1997,202,NA,NA,202 (Yr 1997),NA,202 (Yr 1976)
1997,203,NA,NA,203 (Yr 1997),NA,203 (Yr 1977)
1997,204,NA,NA,204 (Yr 1997),NA,204 (Yr 1981)
1997,205,NA,NA,205 (Yr 1997),NA,205 (Yr 1980)
1997,206,NA,NA,206 (Yr 1997),NA,206 (Yr 1993)
1997,207,NA,NA,207 (Yr 1997),NA,207 (Yr 1969)
1997,208,NA,NA,208 (Yr 1997),NA,208 (Yr 1938)
1997,209,NA,NA,209 (Yr 1997),NA,209 (Yr 1938)
1997,210,NA,NA,210 (Yr 1997),NA,210 (Yr 1938)
1997,211,NA,NA,211 (Yr 1997),NA,211 (Yr 1980)
1997,212,NA,NA,212 (Yr 1997),NA,212 (Yr 1980)
1997,213,NA,NA,213 (Yr 1997),NA,213 (Yr 1982)
1997,214,NA,NA,214 (Yr 1997),NA,214 (Yr 1938)
1997,215,NA,NA,215 (Yr 1997),NA,215 (Yr 1938)
1997,216,NA,NA,216 (Yr 1997),NA,216 (Yr 1992)
1997,217,NA,NA,217 (Yr 1997),NA,217 (Yr 1993)
1997,219,NA,NA,219 (Yr 1997),NA,219 (Yr 1980)
1997,220,NA,NA,220 (Yr 1997),NA,220 (Yr 1938)
1997,221,NA,NA,221 (Yr 1997),NA,221 (Yr 1938)
1997,224,NA,NA,224 (Yr 1997),NA,224 (Yr 1972)
1997,225,NA,NA,225 (Yr 1997),NA,225 (Yr 1972)
1997,226,NA,NA,226 (Yr 1997),NA,226 (Yr 1970)
1997,227,NA,NA,227 (Yr 1997),NA,227 (Yr 1977)
1997,228,NA,NA,228 (Yr 1997),NA,228 (Yr 1979)
1997,229,NA,NA,229 (Yr 1997),NA,229 (Yr 1989)
1997,230,NA,NA,230 (Yr 1997),NA,230 (Yr 1993)
1997,231,NA,NA,231 (Yr 1997),NA,231 (Yr 1996)
1997,250,NA,NA,250 (Yr 1997),NA,250 (Yr 1969)
1997,261,NA,NA,261 (Yr 1997),NA,261 (Yr 1997)
1997,261a,NA,NA,261a (Yr 1997),NA,261a (Yr 1976)
1997,261b,NA,NA,261b (Yr 1997),NA,261b (Yr 1978)
1997,262,NA,NA,262 (Yr 1997),NA,262 (Yr 1949)
1997,263,NA,NA,263 (Yr 1997),NA,263 (Yr 1949)
1997,264,NA,NA,264 (Yr 1997),NA,264 (Yr 1967)
1997,264a,NA,NA,264a (Yr 1997),NA,264a (Yr 1979)
1997,264b,NA,NA,264b (Yr 1997),NA,264b (Yr 1980)
1997,265,NA,NA,265 (Yr 1997),NA,265 (Yr 1968)
1997,266,NA,NA,266 (Yr 1997),NA,266 (Yr 1974)
1997,267,NA,NA,267 (Yr 1997),NA,267 (Yr 1977)
1997,268,NA,NA,268 (Yr 1997),NA,268 (Yr 1978)
1997,269,NA,NA,269 (Yr 1997),NA,269 (Yr 1971)
1997,269a,NA,NA,269a (Yr 1997),NA,269a (Yr 1984)
1997,269b,NA,NA,269b (Yr 1997),NA,269b (Yr 1984)
1997,270,NA,NA,270 (Yr 1997),NA,270 (Yr 1959)
1997,271,NA,NA,271 (Yr 1997),NA,271 (Yr 1949)
1997,272,NA,NA,272 (Yr 1997),NA,272 (Yr 1949)
1997,281,NA,NA,281 (Yr 1997),NA,281 (Yr 1949)
